date,kc1_close,kc2_close,kc3_close,atm_iv_30d,kc1_kc2_spread,kc2_kc3_spread,hv30,hv60,iv_hv30_ratio,atm_iv_zscore_1yr,iv_hv30_ratio_zscore,kc1_kc2_zscore
2025-01-03,261.95,252.4,239.6,32.93,9.55,12.8,36.3,31.81,0.9072,,,
2025-01-06,263.85,254.25,241.35,33.56,9.6,12.9,34.87,31.81,0.9624,,,
2025-01-07,265.55,255.6,242.3,33.87,9.95,13.3,34.9,31.76,0.9705,,,
2025-01-08,261.6,251.55,238.55,33.32,10.05,13.0,35.1,31.77,0.9493,,,
2025-01-09,262.05,251.4,238.05,32.7,10.65,13.35,35.1,31.27,0.9316,,,
2025-01-10,263.45,252.45,238.9,32.53,11.0,13.55,34.66,30.86,0.9385,,,
2025-01-13,267.15,256.25,242.5,32.19,10.9,13.75,32.58,30.95,0.988,,,
2025-01-14,262.75,251.9,238.6,31.82,10.85,13.3,32.64,31.09,0.9749,,,
2025-01-15,267.85,256.85,243.2,34.07,11.0,13.65,27.15,31.26,1.2549,,,
2025-01-16,264.6,253.55,239.8,33.83,11.05,13.75,27.42,31.15,1.2338,,,
2025-01-17,265.65,254.55,240.6,34.27,11.1,13.95,26.64,31.13,1.2864,,,
2025-01-21,265.55,254.25,240.0,33.96,11.3,14.25,25.56,31.12,1.3286,,,
2025-01-22,274.9,261.3,244.85,35.4,13.6,16.45,26.23,31.34,1.3496,,,
2025-01-23,277.25,263.45,247.75,35.4,13.8,15.7,26.33,31.22,1.3445,,,
2025-01-24,278.15,263.9,248.0,34.72,14.25,15.9,26.34,31.12,1.3181,,,
2025-01-27,279.05,264.6,249.0,35.73,14.45,15.6,23.83,30.93,1.4994,,,
2025-01-28,283.7,268.3,251.85,35.97,15.4,16.45,24.21,31.01,1.4857,,,
2025-01-29,289.0,272.5,255.45,36.19,16.5,17.05,24.01,31.08,1.5073,,,
2025-01-30,294.55,277.4,260.15,36.19,17.15,17.25,24.22,30.95,1.4942,,,
2025-01-31,296.4,279.25,262.0,36.55,17.15,17.25,23.99,30.92,1.5236,,,
2025-02-03,297.9,280.85,263.7,37.18,17.05,17.15,23.98,30.83,1.5505,,,
2025-02-04,300.1,282.85,265.8,37.2,17.25,17.05,21.45,30.72,1.7343,,,
2025-02-05,304.65,287.05,269.7,37.2,17.6,17.35,21.63,30.17,1.7198,,,
2025-02-06,316.0,298.35,280.8,38.26,17.65,17.55,23.42,29.91,1.6336,,,
2025-02-07,315.35,298.45,282.05,37.43,16.9,16.4,23.45,29.91,1.5962,,,
2025-02-10,336.85,320.35,304.45,38.58,16.5,15.9,29.02,32.24,1.3294,,,
2025-02-11,323.15,306.85,291.0,37.83,16.3,15.85,32.38,33.35,1.1683,,,
2025-02-12,332.2,315.45,300.0,38.83,16.75,15.45,32.93,33.48,1.1792,,,
2025-02-13,323.15,306.6,291.2,37.75,16.55,15.4,34.29,34.06,1.1009,,,
2025-02-14,320.0,304.2,288.75,36.87,15.8,15.45,34.03,34.11,1.0835,,,
2025-02-18,318.45,302.75,288.25,35.52,15.7,14.5,31.96,34.1,1.1114,,,
2025-02-19,324.35,308.65,293.95,35.5,15.7,14.7,32.15,33.58,1.1042,,,
2025-02-20,314.15,298.85,284.6,35.89,15.3,14.25,34.06,34.38,1.0537,,,
2025-02-21,317.05,301.3,286.75,36.05,15.75,14.55,33.51,34.37,1.0758,,,
2025-02-24,313.75,297.6,282.75,35.8,16.15,14.85,33.84,34.48,1.0579,,,
2025-02-25,307.15,290.6,275.4,35.04,16.55,15.2,34.75,34.66,1.0083,,,
2025-02-26,305.4,288.7,273.9,32.12,16.7,14.8,34.79,33.71,0.9233,,,
2025-02-27,305.35,288.4,273.05,31.7,16.95,15.35,34.24,33.53,0.9258,,,
2025-02-28,305.45,288.2,273.3,31.73,17.25,14.9,34.0,30.58,0.9332,,,
2025-03-03,317.8,300.0,284.25,32.55,17.8,15.75,35.1,31.46,0.9274,,,
2025-03-04,324.55,306.5,290.6,33.1,18.05,15.9,35.36,31.4,0.9361,,,
2025-03-05,335.85,316.95,299.65,34.14,18.9,17.3,36.17,31.7,0.9439,,,
2025-03-06,315.2,296.65,279.8,33.79,18.55,16.85,40.74,34.16,0.8294,,,
2025-03-07,312.3,293.45,276.8,33.62,18.85,16.65,40.92,34.23,0.8216,,,
2025-03-10,313.15,294.35,277.5,33.73,18.8,16.85,40.92,34.23,0.8243,,,
2025-03-11,321.85,302.8,286.1,34.23,19.05,16.7,41.48,33.62,0.8252,,,
2025-03-12,316.25,297.4,281.3,34.37,18.85,16.1,41.81,33.89,0.8221,,,
2025-03-13,319.0,300.4,284.3,34.57,18.6,16.1,41.6,33.68,0.831,,,
2025-03-14,314.95,297.45,282.9,34.54,17.5,14.55,41.58,33.75,0.8307,,,
2025-03-17,321.6,304.15,290.15,34.16,17.45,14.0,41.92,33.88,0.8149,,,
2025-03-18,322.95,305.5,291.6,34.46,17.45,13.9,41.91,33.87,0.8222,,,
2025-03-19,328.45,310.6,296.75,34.88,17.85,13.85,42.1,33.18,0.8285,,,
2025-03-20,327.95,309.45,296.1,34.75,18.5,13.35,41.96,33.19,0.8282,,,
2025-03-21,328.95,310.45,297.0,34.76,18.5,13.45,40.7,33.18,0.8541,,,
2025-03-24,331.4,312.6,299.2,35.39,18.8,13.4,40.72,33.13,0.8691,,,
2025-03-25,338.6,319.45,305.6,34.64,19.15,13.85,36.43,33.3,0.9509,,,
2025-03-26,334.6,315.65,301.05,35.06,18.95,14.6,34.44,33.46,1.018,,,
2025-03-27,327.55,308.85,294.1,34.7,18.7,14.75,34.09,33.83,1.0179,,,
2025-03-28,330.9,312.5,297.8,34.0,18.4,14.7,33.23,33.81,1.0232,,,
2025-03-31,330.2,312.95,299.4,33.96,17.25,13.55,33.09,33.47,1.0263,,,
2025-04-01,339.6,322.35,307.9,33.96,17.25,14.45,33.94,32.87,1.0006,,,
2025-04-02,341.15,323.8,309.1,34.09,17.35,14.7,33.6,32.87,1.0146,,,
2025-04-03,337.55,320.55,306.1,34.74,17.0,14.45,32.29,33.01,1.0759,,,
2025-04-04,320.25,303.45,289.5,35.06,16.8,13.95,35.92,34.78,0.9761,,,
2025-04-07,304.65,289.1,276.15,35.03,15.55,12.95,38.67,36.46,0.9059,,,
2025-04-08,306.1,292.0,280.8,35.18,14.1,11.2,38.22,36.46,0.9205,,,
2025-04-09,309.2,296.2,285.55,35.88,13.0,10.65,38.29,36.41,0.9371,,,
2025-04-10,309.95,296.6,285.85,35.7,13.35,10.75,38.3,36.2,0.9321,,,
2025-04-11,317.05,302.85,291.55,35.93,14.2,11.3,38.83,36.27,0.9253,,,
2025-04-14,320.8,306.05,294.85,35.92,14.75,11.2,37.24,36.18,0.9646,,,
2025-04-15,328.2,313.05,300.6,35.52,15.15,12.45,37.33,36.4,0.9515,,,
2025-04-16,333.25,317.8,304.85,35.19,15.45,12.95,36.23,36.47,0.9713,,,
2025-04-17,332.0,317.35,304.75,35.75,14.65,12.6,30.92,35.93,1.1562,,,
2025-04-21,325.9,311.4,298.45,35.84,14.5,12.95,31.32,36.18,1.1443,,,
2025-04-22,333.8,319.25,306.5,35.54,14.55,12.75,32.0,36.45,1.1106,,,
2025-04-23,343.3,328.15,315.6,35.7,15.15,12.55,32.04,36.8,1.1142,,,
2025-04-24,352.85,336.6,323.5,35.74,16.25,13.1,32.29,37.04,1.1068,,,
2025-04-25,354.4,337.35,323.4,36.0,17.05,13.95,32.26,36.91,1.1159,,,
2025-04-28,362.15,344.85,330.4,36.14,17.3,14.45,32.29,36.96,1.1192,,,
2025-04-29,352.1,334.45,319.65,36.27,17.65,14.8,33.26,37.51,1.0905,,,
2025-04-30,354.7,337.45,323.25,36.21,17.25,14.2,33.28,37.52,1.088,,,
2025-05-01,340.2,323.15,309.35,35.81,17.05,13.8,35.44,38.61,1.0104,,,
2025-05-02,342.7,326.2,312.65,35.6,16.5,13.55,35.48,38.53,1.0034,,,
2025-05-05,345.8,329.0,315.3,35.59,16.8,13.7,35.54,37.88,1.0014,,,
2025-05-06,347.6,330.95,317.4,35.65,16.65,13.55,35.52,37.88,1.0037,,,
2025-05-07,343.15,326.4,312.7,35.46,16.75,13.7,35.24,35.54,1.0062,,,
2025-05-08,346.1,329.45,315.8,36.03,16.65,13.65,35.11,34.48,1.0262,,,
2025-05-09,347.0,330.05,316.4,36.18,16.95,13.65,34.47,34.04,1.0496,,,
2025-05-12,334.5,318.15,304.85,36.01,16.35,13.3,36.13,34.41,0.9967,,,
2025-05-13,339.6,323.9,311.05,35.83,15.7,12.85,36.37,34.47,0.9852,,,
2025-05-14,332.2,317.0,304.35,36.06,15.2,12.65,36.02,34.77,1.0011,,,
2025-05-15,339.15,324.05,311.35,36.09,15.1,12.7,36.52,34.83,0.9882,,,
2025-05-16,332.5,318.15,306.35,36.1,14.35,11.8,36.85,34.43,0.9796,,,
2025-05-19,340.1,325.8,314.4,36.76,14.3,11.4,33.94,34.67,1.0831,,,
2025-05-20,336.7,322.8,311.65,36.63,13.9,11.15,30.42,34.67,1.2041,,,
2025-05-21,337.85,324.1,312.85,36.59,13.75,11.25,30.42,34.35,1.2028,,,
2025-05-22,331.0,317.85,307.05,36.75,13.15,10.8,31.11,34.62,1.1813,,,
2025-05-23,330.6,317.7,307.7,37.0,12.9,10.0,31.12,34.62,1.1889,,,
2025-05-27,331.2,318.25,308.65,37.44,12.95,9.6,30.51,34.62,1.2271,,,
2025-05-28,323.7,311.35,302.15,37.41,12.35,9.2,31.14,34.04,1.2013,,,
2025-05-29,319.55,307.25,298.15,36.78,12.3,9.1,30.61,33.86,1.2016,,,
2025-05-30,314.4,302.25,294.2,36.7,12.15,8.05,30.53,33.24,1.2021,,,
2025-06-02,315.4,302.85,294.75,36.03,12.55,8.1,30.56,30.6,1.179,,,
2025-06-03,313.85,302.05,294.3,35.78,11.8,7.75,30.16,30.56,1.1863,,,
2025-06-04,320.1,308.65,300.95,35.84,11.45,7.7,29.88,30.82,1.1995,,,
2025-06-05,331.05,318.6,309.55,36.58,12.45,9.05,30.39,31.08,1.2037,,,
2025-06-06,330.2,317.95,309.15,36.96,12.25,8.8,29.15,30.86,1.2679,,,
2025-06-09,331.4,319.4,310.8,36.95,12.0,8.6,29.14,30.82,1.268,,,
2025-06-10,326.45,314.25,305.55,36.7,12.2,8.7,28.46,30.87,1.2895,,,
2025-06-11,322.8,310.6,301.4,36.44,12.2,9.2,27.6,30.67,1.3203,,,
2025-06-12,319.5,307.2,298.15,35.64,12.3,9.05,27.5,30.73,1.296,,,
2025-06-13,321.3,309.05,299.85,35.87,12.25,9.2,25.09,30.55,1.4297,,,
2025-06-16,316.35,304.45,295.5,35.6,11.9,8.95,25.24,30.7,1.4105,,,
2025-06-17,310.4,299.2,291.8,35.63,11.2,7.4,25.42,30.92,1.4017,,,
2025-06-18,300.35,289.9,283.05,35.37,10.45,6.85,26.64,31.55,1.3277,,,
2025-06-20,293.15,283.55,277.5,35.57,9.6,6.05,27.14,31.51,1.3106,,,
2025-06-23,301.35,291.75,285.95,36.8,9.6,5.8,28.51,32.04,1.2908,,,
2025-06-24,288.95,279.6,274.3,36.16,9.35,5.3,30.39,32.85,1.1899,,,
2025-06-25,281.95,273.5,268.85,35.56,8.45,4.65,29.52,33.07,1.2046,,,
2025-06-26,283.7,275.8,271.25,36.17,7.9,4.55,29.09,33.12,1.2434,,,
2025-06-27,280.0,273.2,269.15,36.02,6.8,4.05,28.77,32.56,1.252,,,
2025-06-30,277.8,271.25,267.2,36.38,6.55,4.05,27.66,32.54,1.3153,,,
2025-07-01,270.3,263.7,259.3,35.32,6.6,4.4,28.06,32.87,1.2587,,,
2025-07-02,270.05,263.6,258.8,36.82,6.45,4.8,26.71,31.26,1.3785,,,
2025-07-03,268.7,262.85,258.25,37.24,5.85,4.6,26.71,29.68,1.3942,,,
2025-07-07,258.05,251.9,247.35,38.01,6.15,4.55,28.13,30.66,1.3512,,,
2025-07-08,264.95,258.85,254.15,38.42,6.1,4.7,29.7,31.14,1.2936,,,
2025-07-09,263.7,257.5,252.65,36.56,6.2,4.85,29.66,31.12,1.2326,,,
2025-07-10,265.7,259.6,255.1,37.6,6.1,4.5,29.86,30.75,1.2592,,,
2025-07-11,264.2,258.1,253.75,35.22,6.1,4.35,29.5,30.6,1.1939,,,
2025-07-14,276.85,270.4,265.65,36.33,6.45,4.75,33.25,31.84,1.0926,,,
2025-07-15,272.3,265.65,261.1,35.85,6.65,4.55,33.26,31.73,1.0779,,,
2025-07-16,281.35,274.45,269.55,36.23,6.9,4.9,34.93,32.58,1.0372,,,
2025-07-17,278.75,271.8,266.7,35.69,6.95,5.1,34.97,32.45,1.0206,,,
2025-07-18,276.95,269.9,264.55,35.61,7.05,5.35,34.24,31.98,1.04,,,
2025-07-21,268.0,262.2,257.6,36.55,5.8,4.6,33.16,31.88,1.1022,,,
2025-07-22,253.1,264.7,260.15,36.68,-11.6,4.55,36.16,33.0,1.0144,,,
2025-07-23,256.5,269.05,264.1,35.71,-12.55,4.95,36.56,33.16,0.9768,,,
2025-07-24,259.35,271.85,266.95,35.92,-12.5,4.9,36.94,32.87,0.9724,,,
2025-07-25,254.95,266.5,261.9,35.4,-11.55,4.6,37.03,32.62,0.956,,,
2025-07-28,259.35,270.7,266.2,34.76,-11.35,4.5,37.72,32.84,0.9215,,,
2025-07-29,257.45,267.7,263.9,34.52,-10.25,3.8,37.53,31.95,0.9198,,,
2025-07-30,255.15,264.8,261.0,34.9,-9.65,3.8,37.45,31.87,0.9319,,,
2025-07-31,256.55,266.15,262.35,35.42,-9.6,3.8,37.45,31.81,0.9458,,,
2025-08-01,260.85,255.2,251.4,36.9,5.65,3.8,46.61,38.84,0.7917,,,
2025-08-04,265.0,259.2,255.35,37.01,5.8,3.85,46.96,39.08,0.7881,,,
2025-08-05,272.8,266.8,262.6,37.2,6.0,4.2,46.56,39.63,0.799,,,
2025-08-06,268.45,262.4,258.35,36.82,6.05,4.05,45.1,39.66,0.8164,,,
2025-08-07,273.3,267.15,263.0,36.62,6.15,4.15,45.33,39.36,0.8079,,,
2025-08-08,281.95,275.8,271.6,36.82,6.15,4.2,46.43,39.96,0.793,,,
2025-08-11,291.35,284.65,280.2,36.84,6.7,4.45,47.57,40.3,0.7744,,,
2025-08-12,286.0,279.25,274.8,36.94,6.75,4.45,47.76,39.88,0.7735,,,
2025-08-13,290.25,283.45,278.7,35.86,6.8,4.75,47.46,39.83,0.7556,,,
2025-08-14,295.8,289.0,284.15,35.52,6.8,4.85,47.8,39.68,0.7431,,,
2025-08-15,307.6,299.75,294.1,35.35,7.85,5.65,48.82,40.58,0.7241,,,
2025-08-18,310.5,301.95,295.9,35.63,8.55,6.05,46.89,40.65,0.7599,,,
2025-08-19,322.0,311.45,303.2,35.39,10.55,8.25,47.42,41.14,0.7463,,,
2025-08-20,327.1,316.4,307.45,37.01,10.7,8.95,47.46,41.29,0.7798,,,
2025-08-21,336.75,323.85,312.4,38.38,12.9,11.45,47.92,41.77,0.8009,,,
2025-08-22,348.6,333.9,321.2,38.39,14.7,12.7,48.58,42.04,0.7902,,,
2025-08-25,349.45,335.05,322.35,39.14,14.4,12.7,46.09,41.99,0.8492,,,
2025-08-26,344.5,331.1,318.95,39.11,13.4,12.15,46.12,41.94,0.848,,,
2025-08-27,352.8,338.8,325.7,39.04,14.0,13.1,45.12,42.21,0.8652,,,
2025-08-28,346.8,333.6,321.6,39.53,13.2,12.0,45.43,42.3,0.8701,,,
2025-08-29,352.2,338.6,326.35,39.51,13.6,12.25,45.33,42.3,0.8716,,,
2025-09-02,336.8,322.9,311.25,40.04,13.9,11.65,45.88,42.53,0.8727,,,
2025-09-03,339.5,325.7,313.8,39.77,13.8,11.9,35.62,42.56,1.1165,,,
2025-09-04,339.55,325.4,313.5,39.32,14.15,11.9,35.56,42.5,1.1057,,,
2025-09-05,338.35,324.5,313.15,39.26,13.85,11.35,35.67,42.36,1.1006,,,
2025-09-08,348.5,333.75,321.6,39.58,14.75,12.15,35.32,42.74,1.1206,,,
2025-09-09,345.05,330.85,318.9,39.65,14.2,11.95,35.62,42.75,1.1131,,,
2025-09-10,349.15,334.6,322.25,39.59,14.55,12.35,35.07,42.81,1.1289,,,
2025-09-11,348.85,334.95,323.35,39.4,13.9,11.6,34.71,42.67,1.1351,,,
2025-09-12,356.4,341.7,329.6,39.65,14.7,12.1,34.89,42.59,1.1364,,,
2025-09-15,373.5,358.0,345.25,40.51,15.5,12.75,33.25,43.0,1.2183,,,
2025-09-16,363.3,348.85,337.25,40.59,14.45,11.6,35.15,43.24,1.1548,,,
2025-09-17,331.15,317.8,307.5,40.92,13.35,10.3,45.69,46.87,0.8956,,,
2025-09-18,333.4,319.75,309.3,40.03,13.65,10.45,45.19,45.88,0.8858,,,
2025-09-19,319.25,274.9,298.15,40.32,44.35,-23.25,47.37,46.55,0.8512,,,
2025-09-22,321.05,276.2,299.25,40.06,44.85,-23.05,46.73,46.56,0.8573,,,
2025-09-23,311.25,270.6,291.55,39.95,40.65,-20.95,47.01,47.01,0.8498,,,
2025-09-24,323.15,281.6,303.0,40.13,41.55,-21.4,47.66,47.58,0.842,,,
2025-09-25,324.9,282.55,303.6,40.8,42.35,-21.05,47.55,47.25,0.858,,,
2025-09-26,332.8,290.85,311.95,41.55,41.95,-21.1,47.72,47.47,0.8707,,,
2025-09-29,332.35,292.0,312.5,41.93,40.35,-20.5,46.55,47.3,0.9008,,,
2025-09-30,336.4,296.8,316.6,41.49,39.6,-19.8,46.59,46.35,0.8905,,,
2025-10-01,346.25,334.95,326.8,40.51,11.3,8.15,46.17,46.41,0.8774,,,
2025-10-02,340.85,329.8,321.9,40.43,11.05,7.9,46.28,46.54,0.8736,,,
2025-10-03,351.4,339.8,331.25,40.6,11.6,8.55,46.36,46.83,0.8758,,,
2025-10-06,342.3,330.7,322.2,40.08,11.6,8.5,45.93,47.19,0.8726,,,
2025-10-07,336.15,324.2,315.5,40.38,11.95,8.7,46.19,45.98,0.8742,,,
2025-10-08,344.2,332.25,323.7,40.28,11.95,8.55,46.57,46.09,0.8649,,,
2025-10-09,336.55,325.1,316.75,40.55,11.45,8.35,46.45,45.6,0.873,,,
2025-10-10,332.25,320.9,312.7,40.04,11.35,8.2,46.34,45.67,0.864,,,
2025-10-13,342.45,330.85,322.45,40.4,11.6,8.4,47.0,45.98,0.8596,,,
2025-10-14,349.2,336.2,327.1,40.98,13.0,9.1,45.46,45.34,0.9015,,,
2025-10-15,344.45,331.1,321.3,41.1,13.35,9.8,45.62,40.96,0.9009,,,
2025-10-16,345.1,331.85,321.95,41.05,13.25,9.9,45.62,40.87,0.8998,,,
2025-10-17,346.0,332.9,323.05,41.03,13.1,9.85,45.61,40.85,0.8996,,,
2025-10-20,352.25,338.15,327.5,40.13,14.1,10.65,45.09,40.64,0.89,,,
2025-10-21,360.45,346.05,335.35,40.47,14.4,10.7,45.44,40.75,0.8906,,,
2025-10-22,365.95,350.8,339.25,40.79,15.15,11.55,45.52,40.63,0.8961,,,
2025-10-23,356.9,340.95,328.45,41.48,15.95,12.5,46.17,40.97,0.8984,,,
2025-10-24,352.25,336.65,324.25,41.42,15.6,12.4,45.91,41.13,0.9022,,,
2025-10-27,340.9,327.4,316.3,41.23,13.5,11.1,44.57,40.79,0.9251,,,
2025-10-28,337.75,324.7,314.05,42.07,13.05,10.65,44.0,40.82,0.9561,,,
2025-10-29,343.3,330.15,319.45,41.29,13.15,10.7,34.99,40.57,1.1801,,,
2025-10-30,344.85,331.45,320.55,41.02,13.4,10.9,34.97,40.36,1.173,,,
2025-10-31,343.35,329.65,318.7,40.57,13.7,10.95,32.39,40.29,1.2525,,,
2025-11-03,356.0,341.05,329.45,40.79,14.95,11.6,33.83,40.45,1.2057,,,
2025-11-04,356.45,342.0,330.4,41.09,14.45,11.6,32.23,40.0,1.2749,,,
2025-11-05,366.15,352.05,340.55,41.52,14.1,11.5,31.42,40.02,1.3215,,,
2025-11-06,351.75,339.05,329.0,41.49,12.7,10.05,33.93,40.97,1.2228,,,
2025-11-07,357.05,343.95,333.85,41.36,13.1,10.1,33.53,40.91,1.2335,,,
2025-11-10,363.9,350.85,341.2,41.49,13.05,9.65,33.86,40.36,1.2253,,,
2025-11-11,368.55,355.4,346.2,41.53,13.15,9.2,33.87,40.39,1.2262,,,
2025-11-12,346.45,333.65,324.7,41.84,12.8,8.95,37.83,41.89,1.106,,,
2025-11-13,344.65,332.7,324.45,40.94,11.95,8.25,37.57,41.8,1.0897,,,
2025-11-14,342.4,330.8,323.1,40.26,11.6,7.7,36.51,41.41,1.1027,,,
2025-11-17,343.7,331.95,323.7,39.61,11.75,8.25,35.73,40.8,1.1086,,,
2025-11-18,354.35,341.45,332.2,38.94,12.9,9.25,36.34,41.28,1.0715,,,
2025-11-19,342.25,330.35,322.1,38.88,11.9,8.25,37.22,41.8,1.0446,,,
2025-11-20,344.35,332.25,324.1,38.46,12.1,8.15,36.65,41.52,1.0494,,,
2025-11-21,337.6,326.35,319.25,38.04,11.25,7.1,36.92,41.57,1.0303,,,
2025-11-24,343.6,331.9,324.2,37.26,11.7,7.7,36.22,41.61,1.0287,,,
2025-11-25,350.7,339.05,331.4,36.44,11.65,7.65,36.26,40.78,1.005,,,
2025-11-26,348.0,336.35,327.8,35.97,11.65,8.55,36.1,40.79,0.9964,,,
2025-11-28,349.55,338.1,330.2,36.17,11.45,7.9,36.12,40.79,1.0014,,,
2025-12-01,348.3,337.35,329.8,35.5,10.95,7.55,36.13,40.8,0.9826,,,
2025-12-02,342.0,331.0,322.8,35.06,11.0,8.2,36.12,40.52,0.9707,,,
2025-12-03,341.6,330.75,322.25,34.68,10.85,8.5,35.39,40.47,0.9799,,,
2025-12-04,349.55,338.5,329.9,35.01,11.05,8.6,35.79,40.67,0.9782,,,
2025-12-05,343.85,332.9,324.45,34.67,10.95,8.45,35.38,40.81,0.9799,,,
2025-12-08,335.3,324.45,315.95,34.92,10.85,8.5,35.9,40.87,0.9727,,,
2025-12-09,338.15,327.5,319.15,34.76,10.65,8.35,34.77,39.69,0.9997,,,
2025-12-10,342.3,331.85,323.4,34.79,10.45,8.45,34.84,39.42,0.9986,,,
2025-12-11,345.9,335.5,327.0,35.33,10.4,8.5,34.65,34.54,1.0196,,,
2025-12-12,341.0,330.75,322.4,35.38,10.25,8.35,34.88,34.65,1.0143,,,
2025-12-15,333.25,324.3,316.65,36.05,8.95,7.65,35.48,33.79,1.0161,,,
2025-12-16,325.85,317.35,310.35,36.78,8.5,7.0,34.19,34.1,1.0758,,,
2025-12-17,321.15,313.45,307.25,37.37,7.7,6.2,34.32,33.62,1.0889,,,
2025-12-18,319.15,311.4,305.3,37.27,7.75,6.1,33.1,32.75,1.126,,,
2025-12-19,316.65,309.25,285.35,37.45,7.4,23.9,31.36,32.77,1.1942,,,
2025-12-22,323.4,315.85,291.15,37.32,7.55,24.7,31.73,32.68,1.1762,,,
2025-12-23,323.55,316.5,292.5,36.79,7.05,24.0,31.04,32.68,1.1852,,,
2025-12-24,322.7,316.2,292.4,36.23,6.5,23.8,30.64,32.58,1.1824,,,
2025-12-26,326.7,320.25,296.35,35.98,6.45,23.9,25.71,32.11,1.3995,,,
2025-12-29,328.85,322.5,298.3,35.38,6.35,24.2,25.81,32.0,1.3708,,,
2025-12-30,327.3,321.3,295.95,34.96,6.0,25.35,25.78,31.34,1.3561,,,
2025-12-31,326.0,320.15,296.05,35.46,5.85,24.1,25.74,30.91,1.3776,,,
2026-01-02,334.25,328.45,323.05,34.96,5.8,5.4,25.19,31.14,1.3879,,,
2026-01-05,334.4,328.45,323.05,35.7,5.95,5.4,23.19,30.75,1.5395,,,
2026-01-06,344.55,337.85,332.1,36.23,6.7,5.75,24.77,31.02,1.4627,-0.2667,2.0088,-0.818
2026-01-07,347.25,340.6,334.75,36.05,6.65,5.85,24.14,30.93,1.4934,-0.349,2.1383,-0.8223
2026-01-08,345.4,338.65,333.0,36.91,6.75,5.65,23.67,30.33,1.5594,0.0074,2.438,-0.8069
2026-01-09,332.95,326.35,320.65,35.91,6.6,5.7,25.17,30.98,1.4267,-0.4198,1.7473,-0.824
2026-01-12,331.95,325.65,320.05,35.26,6.3,5.6,25.11,30.87,1.4042,-0.7015,1.6188,-0.8605
2026-01-13,335.25,329.05,323.9,35.23,6.2,5.15,25.27,30.94,1.3941,-0.7224,1.5537,-0.8702
2026-01-14,332.1,326.3,321.25,35.1,5.8,5.05,25.37,30.99,1.3835,-0.7871,1.4876,-0.9185
2026-01-15,334.15,328.35,323.3,35.35,5.8,5.05,24.96,30.78,1.4163,-0.6897,1.6325,-0.9145
2026-01-16,331.35,325.5,320.55,34.57,5.85,4.95,25.06,30.41,1.3795,-1.0418,1.4395,-0.904
2026-01-20,323.55,317.7,312.85,35.01,5.85,4.85,24.83,30.55,1.41,-0.8518,1.5795,-0.9
2026-01-21,324.25,318.25,313.2,35.22,6.0,5.05,24.51,30.18,1.437,-0.764,1.699,-0.8766
2026-01-22,324.8,318.85,313.7,35.09,5.95,5.15,23.52,30.1,1.4919,-0.8238,1.951,-0.8792
2026-01-23,327.05,321.1,315.95,34.89,5.95,5.15,23.47,29.42,1.4866,-0.9152,1.9135,-0.8752
2026-01-26,331.3,325.35,320.15,35.02,5.95,5.2,23.5,29.49,1.4902,-0.8567,1.9201,-0.87
2026-01-27,338.85,331.95,325.95,35.39,6.9,6.0,24.27,29.67,1.4582,-0.6935,1.7589,-0.7426
2026-01-28,327.0,320.6,314.95,36.22,6.4,5.65,26.03,30.52,1.3915,-0.3312,1.4377,-0.8023
2026-01-29,322.15,316.25,310.85,36.23,5.9,5.4,25.55,30.65,1.418,-0.3278,1.569,-0.8614
2026-01-30,309.0,303.75,298.85,36.88,5.25,4.9,27.48,30.76,1.3421,-0.0431,1.2166,-0.9388
2026-02-02,308.5,303.05,297.95,36.64,5.45,5.1,27.21,30.75,1.3466,-0.1496,1.247,-0.9064
2026-02-03,295.65,290.75,285.85,37.61,4.9,4.9,29.7,31.22,1.2663,0.2754,0.8739,-0.9699
2026-02-04,293.0,288.0,283.2,38.15,5.0,4.8,29.72,30.3,1.2836,0.5107,0.968,-0.9498
2026-02-05,291.35,286.55,281.8,37.95,4.8,4.75,28.86,30.07,1.315,0.4209,1.1325,-0.9682
2026-02-06,284.0,279.45,275.15,38.69,4.55,4.3,29.53,30.04,1.3102,0.7441,1.1372,-0.9927
2026-02-09,288.6,284.0,279.8,37.91,4.6,4.2,30.12,30.13,1.2586,0.3989,0.9075,-0.9787
2026-02-10,285.4,280.8,276.65,36.83,4.6,4.15,29.8,27.67,1.2359,-0.0737,0.8128,-0.9712
2026-02-11,289.1,284.9,280.75,36.77,4.2,4.15,30.06,27.86,1.2232,-0.099,0.7654,-1.0147
2026-02-12,293.7,289.7,285.55,36.52,4.0,4.15,30.61,28.11,1.1931,-0.2056,0.6145,-1.0324
2026-02-13,294.35,290.15,285.9,36.9,4.2,4.25,30.66,28.1,1.2035,-0.0366,0.6673,-0.9993
2026-02-17,279.55,275.9,272.15,39.35,3.65,3.75,32.48,28.99,1.2115,1.0433,0.7077,-1.0614
2026-02-18,281.6,277.85,274.15,38.72,3.75,3.7,32.66,28.36,1.1855,0.7622,0.5713,-1.0406
2026-02-19,281.05,276.95,272.95,38.76,4.1,4.0,30.89,28.29,1.2548,0.7756,0.9244,-0.9887
2026-02-20,281.1,276.7,272.35,38.03,4.4,4.35,30.66,28.09,1.2404,0.45,0.8462,-0.9437
2026-02-23,273.6,269.2,264.75,39.03,4.4,4.45,31.19,28.18,1.2514,0.884,0.8986,-0.9368
2026-02-24,280.3,275.6,270.95,38.39,4.7,4.65,31.28,28.33,1.2273,0.5975,0.7701,-0.8925
2026-02-25,279.9,275.3,270.6,38.07,4.6,4.7,31.29,28.32,1.2167,0.4532,0.712,-0.8985
2026-02-26,277.4,272.95,268.35,37.5,4.45,4.6,30.95,28.29,1.2116,0.1999,0.6821,-0.9107
2026-02-27,275.9,271.4,266.9,37.87,4.5,4.5,30.94,28.29,1.224,0.3581,0.7407,-0.8976
2026-03-02,279.7,275.3,270.6,37.95,4.4,4.7,31.27,28.36,1.2136,0.3867,0.6818,-0.9034
2026-03-03,278.5,274.05,269.35,37.59,4.45,4.7,31.27,28.35,1.2021,0.2189,0.6176,-0.8902
2026-03-04,281.2,276.25,270.95,37.0,4.95,5.3,31.1,27.95,1.1897,-0.056,0.5491,-0.8209
2026-03-05,283.95,278.95,273.85,35.75,5.0,5.1,31.32,27.95,1.1414,-0.6349,0.2978,-0.8082
2026-03-06,288.45,282.95,277.65,35.65,5.5,5.3,31.82,27.83,1.1204,-0.6894,0.1867,-0.7393
2026-03-09,290.9,284.75,278.9,36.27,6.15,5.85,31.86,27.83,1.1384,-0.4088,0.2753,-0.6519
2026-03-10,290.1,284.3,278.7,36.54,5.8,5.6,31.47,27.67,1.1611,-0.2903,0.3863,-0.6901
2026-03-11,282.2,276.7,271.2,37.45,5.5,5.5,31.09,27.99,1.2046,0.1258,0.6045,-0.7217
2026-03-12,286.45,280.4,274.55,37.7,6.05,5.85,30.36,28.14,1.2418,0.2363,0.7904,-0.6467
2026-03-13,279.4,273.35,267.3,37.19,6.05,6.05,30.8,28.2,1.2075,-0.0084,0.6064,-0.641
2026-03-16,286.25,278.1,271.3,36.61,8.15,6.8,29.84,28.45,1.2269,-0.2866,0.701,-0.3715
2026-03-17,288.45,279.2,271.85,36.27,9.25,7.35,29.99,28.4,1.2094,-0.4518,0.6037,-0.2285
2026-03-18,287.1,278.15,270.8,35.78,8.95,7.35,27.46,28.39,1.303,-0.6882,1.0861,-0.2625
2026-03-19,294.2,284.65,276.7,35.65,9.55,7.95,28.31,28.86,1.2593,-0.7553,0.8496,-0.1829
2026-03-20,302.35,290.4,280.4,36.25,11.95,10.0,29.32,29.09,1.2364,-0.4737,0.7228,0.1238
2026-03-23,299.85,287.15,276.15,37.34,12.7,11.0,28.36,29.13,1.3166,0.0426,1.1382,0.2218
2026-03-24,310.35,296.25,283.3,38.57,14.1,12.95,29.63,30.03,1.3017,0.6262,1.0513,0.4024
2026-03-25,309.7,296.25,284.35,38.83,13.45,11.9,29.39,29.91,1.3212,0.7449,1.146,0.3228
2026-03-26,302.0,290.6,280.2,37.87,11.4,10.4,30.3,30.28,1.2498,0.2783,0.7604,0.0656
2026-03-27,295.9,284.6,274.7,37.49,11.3,9.9,30.63,30.52,1.224,0.0902,0.6182,0.0569
2026-03-30,286.6,275.6,266.8,38.38,11.0,8.8,32.01,31.14,1.199,0.5149,0.4818,0.0226
2026-03-31,290.8,278.1,268.95,36.53,12.7,9.15,28.44,30.82,1.2845,-0.3852,0.929,0.2439
2026-04-01,291.25,278.1,268.4,36.68,13.15,9.7,28.39,30.83,1.292,-0.3191,0.9618,0.3049
2026-04-02,289.4,276.65,266.55,36.16,12.75,10.1,28.46,30.1,1.2706,-0.58,0.8423,0.2561
2026-04-06,292.4,279.35,269.2,36.18,13.05,10.15,28.58,30.14,1.2659,-0.5772,0.8114,0.2972
2026-04-07,281.3,269.2,260.2,36.57,12.1,9.0,29.77,31.02,1.2284,-0.3917,0.6085,0.1776
2026-04-08,289.3,275.95,266.55,36.29,13.35,9.4,30.05,30.89,1.2077,-0.5349,0.4963,0.3412
2026-04-09,289.55,275.8,266.5,35.77,13.75,9.3,30.04,30.9,1.1907,-0.796,0.4025,0.3949
2026-04-10,295.9,281.1,271.25,35.41,14.8,9.85,30.45,31.19,1.1629,-0.9772,0.251,0.5314
2026-04-13,296.25,281.8,272.2,35.72,14.45,9.6,30.37,31.16,1.1762,-0.8242,0.3166,0.4858
2026-04-14,297.6,283.25,274.3,35.51,14.35,8.95,30.19,31.14,1.1762,-0.9279,0.3121,0.472
2026-04-15,298.25,284.1,275.5,34.43,14.15,8.6,30.13,31.12,1.1427,-1.463,0.1302,0.4457
2026-04-16,290.4,277.35,268.95,35.02,13.05,8.4,31.18,31.21,1.1232,-1.1636,0.0225,0.304
2026-04-17,284.25,272.95,264.9,34.99,11.3,8.05,31.73,31.46,1.1027,-1.1747,-0.0896,0.0794
2026-04-20,287.75,277.1,269.55,35.12,10.65,7.55,31.59,31.59,1.1117,-1.1083,-0.0451,-0.0024
2026-04-21,282.65,272.05,264.4,34.91,10.6,7.65,31.9,31.7,1.0944,-1.2115,-0.1402,-0.0064
2026-04-22,289.15,278.4,270.2,34.68,10.75,8.2,32.62,31.96,1.0632,-1.3211,-0.305,0.0151
2026-04-23,300.35,288.35,279.45,35.13,12.0,8.9,33.35,32.63,1.0534,-1.0948,-0.3554,0.1785
2026-04-24,294.9,285.1,277.0,35.42,9.8,8.1,33.62,32.05,1.0535,-0.9508,-0.3536,-0.1045
2026-04-27,288.5,278.8,271.15,34.46,9.7,7.65,33.44,32.21,1.0305,-1.4207,-0.4746,-0.1147
2026-04-28,290.7,280.6,272.85,34.32,10.1,7.75,32.78,31.17,1.047,-1.4828,-0.385,-0.0597
2026-04-29,290.7,280.25,272.75,34.11,10.45,7.5,32.71,31.17,1.0428,-1.5767,-0.4058,-0.0108
2026-04-30,285.55,275.35,267.65,34.11,10.2,7.7,33.1,30.16,1.0305,-1.5662,-0.4694,-0.0398
2026-05-01,286.4,275.9,267.5,34.62,10.5,8.4,32.29,30.12,1.0722,-1.3088,-0.2464,0.003
2026-05-05,294.35,284.35,276.25,35.95,10.0,8.1,32.29,30.63,1.1133,-0.6612,-0.0277,-0.0586
2026-05-06,288.95,279.6,271.95,36.05,9.35,7.65,32.63,30.41,1.1048,-0.6134,-0.0751,-0.1399
2026-05-07,276.85,269.3,262.55,38.52,7.55,6.75,32.97,31.48,1.1683,0.5767,0.2605,-0.3714
2026-05-08,275.35,267.65,261.2,37.19,7.7,6.45,32.97,31.42,1.128,-0.0704,0.0426,-0.3474
2026-05-11,278.6,271.0,264.25,37.73,7.6,6.75,32.63,31.4,1.1563,0.1875,0.1908,-0.3563
2026-05-12,276.6,269.5,263.2,36.75,7.1,6.3,32.23,31.24,1.1402,-0.2909,0.1019,-0.4175
2026-05-13,283.9,276.5,269.55,36.39,7.4,6.95,31.97,31.72,1.1383,-0.4669,0.0894,-0.3736
2026-05-14,277.95,270.6,264.1,39.83,7.35,6.5,32.2,30.21,1.237,1.1992,0.6142,-0.3756
2026-05-15,267.2,260.2,253.6,40.6,7.0,6.6,34.01,31.22,1.1938,1.5618,0.3787,-0.4174
2026-05-18,265.9,258.95,251.7,40.67,6.95,7.25,34.0,31.23,1.1962,1.5807,0.3874,-0.4197
2026-05-19,268.7,261.15,254.0,40.18,7.55,7.15,34.0,31.32,1.1818,1.3304,0.3065,-0.3366
2026-05-20,267.5,260.05,252.6,38.44,7.45,7.45,32.27,30.85,1.1912,0.4865,0.3529,-0.346
2026-05-21,270.45,262.65,254.8,37.14,7.8,7.85,31.26,30.51,1.1881,-0.1401,0.3322,-0.2964
2026-05-22,273.8,266.15,258.25,36.08,7.65,7.9,31.54,30.63,1.1439,-0.6483,0.0933,-0.313
2026-05-26,274.0,266.35,258.15,36.94,7.65,8.2,30.83,30.6,1.1982,-0.2354,0.3854,-0.3098
2026-05-27,272.6,264.8,256.8,35.68,7.8,8.0,30.77,30.48,1.1596,-0.8391,0.1788,-0.2869
2026-05-28,275.75,267.85,260.05,35.42,7.9,7.8,31.02,30.57,1.1418,-0.9604,0.084,-0.2709
2026-05-29,269.5,262.25,254.7,35.8,7.25,7.55,30.78,30.85,1.1631,-0.7744,0.1991,-0.3542
2026-06-01,263.85,257.35,249.8,37.06,6.5,7.55,30.77,31.05,1.2044,-0.1698,0.4218,-0.4502
2026-06-02,261.2,254.7,246.95,37.35,6.5,7.75,30.52,30.9,1.2238,-0.0309,0.5257,-0.4471
2026-06-03,254.35,249.05,241.85,37.61,5.3,7.2,30.99,31.24,1.2136,0.0919,0.4705,-0.6023
2026-06-04,251.5,246.5,239.35,36.85,5.0,7.15,30.03,31.3,1.2271,-0.2721,0.5425,-0.638
2026-06-05,243.7,239.65,232.3,36.73,4.05,7.35,28.15,31.44,1.3048,-0.3311,0.9573,-0.7589
2026-06-08,247.9,243.05,235.85,35.73,4.85,7.2,28.78,31.5,1.2415,-0.8109,0.6149,-0.6487
2026-06-09,244.35,240.15,233.0,33.29,4.2,7.15,28.49,31.25,1.1685,-1.9757,0.2236,-0.7303
2026-06-10,248.4,244.6,237.25,35.36,3.8,7.35,28.96,31.01,1.221,-0.9738,0.505,-0.778
2026-06-11,253.95,250.25,243.2,37.75,3.7,7.05,29.99,31.34,1.2588,0.1618,0.7085,-0.786
2026-06-12,253.4,246.45,244.2,36.12,6.95,2.25,28.79,29.4,1.2546,-0.611,0.6863,-0.3544
2026-06-15,259.2,251.75,249.15,36.27,7.45,2.6,29.7,29.38,1.2212,-0.5386,0.5087,-0.2861
2026-06-16,272.8,263.6,259.75,37.05,9.2,3.85,32.19,31.01,1.151,-0.1694,0.1353,-0.054
2026-06-17,271.9,263.15,259.85,36.6,8.75,3.3,31.87,30.94,1.1484,-0.3853,0.1247,-0.1114
2026-06-18,267.8,257.9,254.4,37.27,9.9,3.5,30.25,30.34,1.2321,-0.0695,0.5832,0.0413
