date,vix,dxy,psf,cf1,usdcny,brl,inr,aud,bdiy,sofr,cf1_usd_cents_lb,brl_per_usd,inr_per_usd,aud_per_usd
2024-01-02,13.2,102.2,7084.0,15470.0,7.1432,4.9173,83.3163,0.6761,,98.2344,4.9173,83.3163,0.6761
2024-01-03,14.04,102.494,6912.0,15510.0,7.1494,4.9191,83.2875,0.6732,,98.403,4.9191,83.2875,0.6732
2024-01-04,14.13,102.422,6912.0,15575.0,7.1608,4.9011,83.2275,0.6707,,98.6581,4.9011,83.2275,0.6707
2024-01-05,13.35,102.412,6912.0,15545.0,7.1471,4.8759,83.1625,0.6713,,98.6568,4.8759,83.1625,0.6713
2024-01-08,13.08,102.209,6912.0,15520.0,7.1514,4.874,83.135,0.672,,98.4389,4.874,83.135,0.672
2024-01-09,12.76,102.57,6912.0,15395.0,7.1687,4.9072,83.115,0.6687,,97.4104,4.9072,83.115,0.6687
2024-01-10,12.69,102.362,6912.0,15445.0,7.1727,4.893,83.0375,0.67,,97.6723,4.893,83.0375,0.67
2024-01-11,12.44,102.291,6886.0,15450.0,7.1667,4.8712,83.0338,0.6688,,97.7857,4.8712,83.0338,0.6688
2024-01-12,12.7,102.404,6934.0,15500.0,7.1675,4.8544,82.92,0.6686,,98.0912,4.8544,82.92,0.6686
2024-01-15,13.25,102.404,6944.0,15420.0,7.1715,4.8656,82.8887,0.666,,97.5305,4.8656,82.8887,0.666
2024-01-16,13.84,103.357,7362.0,15500.0,7.1877,4.927,83.075,0.6584,,97.8156,4.927,83.075,0.6584
2024-01-17,14.79,103.45,7396.0,15540.0,7.1963,4.9313,83.1362,0.6552,,97.9508,4.9313,83.1362,0.6552
2024-01-18,14.13,103.536,7442.0,15755.0,7.1963,4.9299,83.12,0.6573,,99.306,4.9299,83.12,0.6573
2024-01-19,13.3,103.288,7466.0,15855.0,7.1934,4.9299,83.0675,0.6597,,99.9766,4.9299,83.0675,0.6597
2024-01-22,13.19,103.331,7480.0,15950.0,7.1909,4.9852,,0.657,,100.6106,4.9852,,0.657
2024-01-23,12.55,103.617,7482.0,15935.0,7.1718,4.9503,83.1588,0.658,,100.7837,4.9503,83.1588,0.658
2024-01-24,13.14,103.236,7494.0,15895.0,7.158,4.9328,83.1338,0.6577,,100.7245,4.9328,83.1338,0.6577
2024-01-25,13.45,103.574,7562.0,15980.0,7.1739,4.9166,83.1163,0.6585,,101.0387,4.9166,83.1163,0.6585
2024-01-26,13.26,103.433,7570.0,15960.0,7.1774,4.9109,,0.6575,,100.863,4.9109,,0.6575
2024-01-29,13.6,103.609,7554.0,15985.0,7.1804,4.948,83.1425,0.6611,,100.9788,4.948,83.1425,0.6611
2024-01-30,13.31,103.397,7516.0,16055.0,7.1778,4.9501,83.1125,0.6602,,101.4577,4.9501,83.1125,0.6602
2024-01-31,14.35,103.274,7496.0,15990.0,7.1689,4.9554,83.0412,0.6568,,101.1724,4.9554,83.0412,0.6568
2024-02-01,13.88,103.048,7434.0,15980.0,7.1805,4.9127,82.9775,0.6572,,100.9458,4.9127,82.9775,0.6572
2024-02-02,13.85,103.922,7342.0,15955.0,7.1935,4.9704,82.925,0.6512,,100.6058,4.9704,82.925,0.6512
2024-02-05,13.67,104.452,7366.0,15955.0,7.1985,4.9824,83.0638,0.6483,,100.5359,4.9824,83.0638,0.6483
2024-02-06,13.06,104.213,7346.0,15990.0,7.1901,4.9591,83.055,0.6523,,100.8741,4.9591,83.055,0.6523
2024-02-07,12.83,104.057,7406.0,15970.0,7.1949,4.9717,82.9688,0.652,,100.6807,4.9717,82.9688,0.652
2024-02-08,12.79,104.165,7348.0,16020.0,7.1967,4.9972,82.955,0.6492,,100.9707,4.9972,82.955,0.6492
2024-02-09,12.93,104.111,,,7.1936,4.9544,83.0325,0.6524,,,4.9544,83.0325,0.6524
2024-02-12,13.93,104.17,,,,,83.0025,0.6531,,,,83.0025,0.6531
2024-02-13,15.85,104.96,,,,,83.01,0.6453,,,,83.01,0.6453
2024-02-14,14.38,104.723,,,,4.974,83.0287,0.6491,,,4.974,83.0287,0.6491
2024-02-15,14.01,104.296,,,,4.9739,83.0437,0.6525,,,4.9739,83.0437,0.6525
2024-02-16,14.24,104.275,,,,4.9661,83.0163,0.6531,,,4.9661,83.0163,0.6531
2024-02-19,14.71,104.291,7362.0,16285.0,7.1981,4.9606,,0.654,,102.621,4.9606,,0.654
2024-02-20,15.42,104.079,7334.0,16195.0,7.1925,4.927,82.97,0.6549,,102.1333,4.927,82.97,0.6549
2024-02-21,15.34,104.006,7326.0,16170.0,7.1912,4.9382,82.9713,0.6551,,101.9941,4.9382,82.9713,0.6551
2024-02-22,14.54,103.957,7356.0,16170.0,7.1939,4.9644,82.85,0.6557,,101.9558,4.9644,82.85,0.6557
2024-02-23,13.75,103.936,7362.0,16270.0,7.1964,4.9943,82.95,0.6562,,102.5507,4.9943,82.95,0.6562
2024-02-26,13.74,103.827,7302.0,16180.0,7.1975,4.9809,82.8975,0.654,,101.9678,4.9809,82.8975,0.654
2024-02-27,13.43,103.829,7304.0,16205.0,7.1979,4.9342,82.8988,0.6544,,102.1197,4.9342,82.8988,0.6544
2024-02-28,13.84,103.975,7318.0,16315.0,7.198,4.9707,82.9325,0.6496,,102.8115,4.9707,82.9325,0.6496
2024-02-29,13.4,104.156,7300.0,16130.0,7.1886,4.9708,82.9138,0.6497,,101.7786,4.9708,82.9138,0.6497
2024-03-01,13.11,103.861,7302.0,16040.0,7.1968,4.955,82.905,0.6527,,101.0954,4.955,82.905,0.6527
2024-03-04,13.49,103.832,7308.0,15940.0,7.1989,4.9481,82.8925,0.651,,100.4358,4.9481,82.8925,0.651
2024-03-05,14.46,103.798,7232.0,15935.0,7.1965,4.9583,82.895,0.6503,,100.4378,4.9583,82.895,0.6503
2024-03-06,14.5,103.369,7220.0,15930.0,7.1975,4.9455,82.8288,0.6564,,100.3923,4.9455,82.8288,0.6564
2024-03-07,14.44,102.823,7222.0,16005.0,7.1926,4.935,82.785,0.662,,100.9337,4.935,82.785,0.662
2024-03-08,14.74,102.712,7222.0,16080.0,7.1873,4.9833,,0.6624,,101.4814,4.9833,,0.6624
2024-03-11,15.22,102.869,7196.0,15975.0,7.1814,4.9779,82.765,0.6614,,100.9016,4.9779,82.765,0.6614
2024-03-12,13.84,102.957,7204.0,15860.0,7.1826,4.972,82.775,0.6606,,100.1585,4.972,82.775,0.6606
2024-03-13,13.75,102.789,7208.0,15860.0,7.1868,4.972,82.86,0.6621,,100.1,4.972,82.86,0.6621
2024-03-14,14.4,103.36,7336.0,15880.0,7.1943,4.9898,82.825,0.6581,,100.1217,4.9898,82.825,0.6581
2024-03-15,14.41,103.432,7356.0,15975.0,7.197,4.9959,82.89,0.656,,100.6829,4.9959,82.89,0.656
2024-03-18,14.33,103.579,7338.0,16105.0,7.1984,5.0255,82.9125,0.656,,101.4825,5.0255,82.9125,0.656
2024-03-19,13.82,103.818,7358.0,16015.0,7.1994,5.0307,83.0425,0.6532,,100.9013,5.0307,83.0425,0.6532
2024-03-20,13.04,103.389,7358.0,15930.0,7.1979,4.9681,83.1687,0.6586,,100.3867,4.9681,83.1687,0.6586
2024-03-21,12.92,104.007,7266.0,16010.0,7.1995,4.979,83.1537,0.657,,100.8684,4.979,83.1537,0.657
2024-03-22,13.06,104.43,7232.0,15935.0,7.2292,5.0015,83.425,0.6515,,99.9834,5.0015,83.425,0.6515
2024-03-25,13.19,104.224,7246.0,15895.0,7.2114,4.9752,,0.654,,99.9786,4.9752,,0.654
2024-03-26,13.24,104.298,7242.0,15945.0,7.2167,4.9816,83.2887,0.6533,,100.2195,4.9816,83.2887,0.6533
2024-03-27,12.78,104.348,7304.0,15935.0,7.226,4.9852,83.3788,0.6535,,100.0277,4.9852,83.3788,0.6535
2024-03-28,13.01,104.546,7332.0,15875.0,7.2267,5.0141,83.4037,0.6516,,99.6414,5.0141,83.4037,0.6516
2024-04-01,13.65,105.019,7414.0,16140.0,7.2308,5.0553,,0.6489,,101.2473,5.0553,,0.6489
2024-04-02,14.61,104.816,7426.0,16220.0,7.2326,5.0584,83.3838,0.6518,,101.7238,5.0584,83.3838,0.6518
2024-04-03,14.33,104.249,7428.0,16230.0,7.2332,5.0391,83.4337,0.6565,,101.7781,5.0391,83.4337,0.6565
2024-04-04,16.35,104.121,,,,5.0556,83.445,0.6588,,,5.0556,83.445,0.6588
2024-04-05,16.03,104.298,,,,5.0665,83.2925,0.6579,,,5.0665,83.2925,0.6579
2024-04-08,15.19,104.14,7406.0,16150.0,7.2308,5.0295,83.315,0.6604,,101.31,5.0295,83.315,0.6604
2024-04-09,14.98,104.148,7330.0,16200.0,7.2323,5.0093,,0.6629,,101.6026,5.0093,,0.6629
2024-04-10,15.8,105.245,7316.0,16275.0,7.2343,5.0748,83.1938,0.6512,,102.0448,5.0748,83.1938,0.6512
2024-04-11,14.91,105.282,7290.0,16230.0,7.237,5.0925,,0.6538,,101.7246,5.0925,,0.6538
2024-04-12,17.31,106.038,7266.0,16150.0,7.2373,5.1182,83.415,0.6467,,101.219,5.1182,83.415,0.6467
2024-04-15,19.23,106.208,7278.0,16190.0,7.2381,5.1856,83.45,0.6442,,101.4585,5.1856,83.45,0.6442
2024-04-16,18.4,106.257,7300.0,16185.0,7.2378,5.2829,83.5375,0.6402,,101.4314,5.2829,83.5375,0.6402
2024-04-17,18.21,105.951,7324.0,16010.0,7.2386,5.2421,,0.6435,,100.3236,5.2421,,0.6435
2024-04-18,18.0,106.151,7278.0,15875.0,7.2387,5.2485,83.5437,0.6421,,99.4763,5.2485,83.5437,0.6421
2024-04-19,18.71,106.154,7308.0,15740.0,7.2393,5.2021,83.47,0.6418,,98.6221,5.2021,83.47,0.6418
2024-04-22,16.94,106.077,7318.0,15710.0,7.2436,5.1663,83.3712,0.645,,98.3757,5.1663,83.3712,0.645
2024-04-23,15.69,105.675,7292.0,15720.0,7.2452,5.1264,83.3412,0.6487,,98.4166,5.1264,83.3412,0.6487
2024-04-24,15.97,105.857,7250.0,15625.0,7.246,5.1481,83.32,0.6498,,97.8111,5.1481,83.32,0.6498
2024-04-25,15.37,105.598,7228.0,15570.0,7.2399,5.1592,83.325,0.6518,,97.5489,5.1592,83.325,0.6518
2024-04-26,15.03,105.938,7204.0,15490.0,7.2464,5.1166,83.35,0.6533,,96.9606,5.1166,83.35,0.6533
2024-04-29,14.67,105.579,7264.0,15530.0,7.229,5.1205,83.4738,0.6567,,97.445,5.1205,83.4738,0.6567
2024-04-30,15.65,106.221,7160.0,15465.0,7.2411,5.1934,83.4362,0.6473,,96.875,5.1934,83.4362,0.6473
2024-05-01,15.39,105.755,,,,,,0.6523,,,,,0.6523
2024-05-02,14.68,105.299,,,,5.1119,83.4675,0.6565,,,5.1119,83.4675,0.6565
2024-05-03,13.49,105.03,,,,5.0725,83.43,0.661,,,5.0725,83.43,0.661
2024-05-06,13.49,105.051,7124.0,15325.0,7.2088,5.0763,83.4987,0.6625,,96.4281,5.0763,83.4987,0.6625
2024-05-07,13.23,105.412,7178.0,15270.0,7.2186,5.0717,83.515,0.6598,,95.9516,5.0717,83.515,0.6598
2024-05-08,13.0,105.546,7172.0,15415.0,7.2246,5.0909,83.5175,0.658,,96.7823,5.0909,83.5175,0.658
2024-05-09,12.69,105.227,7180.0,15275.0,7.2199,5.1416,83.5112,0.662,,95.9658,5.1416,83.5112,0.662
2024-05-10,12.55,105.301,7144.0,14965.0,7.2269,5.1581,83.4987,0.6604,,93.9271,5.1581,83.4987,0.6604
2024-05-13,13.6,105.218,7144.0,14920.0,7.2334,5.1511,83.5275,0.6608,,93.5605,5.1511,83.5275,0.6608
2024-05-14,13.42,105.013,7140.0,14915.0,7.2337,5.1294,83.5112,0.6627,,93.5253,5.1294,83.5112,0.6627
2024-05-15,12.45,104.345,7200.0,14800.0,7.219,5.1366,83.4987,0.6694,,92.9931,5.1366,83.4987,0.6694
2024-05-16,12.42,104.462,7184.0,14830.0,7.2214,5.1296,83.4975,0.6679,,93.1507,5.1296,83.4975,0.6679
2024-05-17,11.99,104.445,7478.0,14995.0,7.2243,5.1045,83.3325,0.6693,,94.1493,5.1045,83.3325,0.6693
2024-05-20,12.15,104.565,7410.0,15145.0,7.2354,5.1045,,0.6667,,94.9452,5.1045,,0.6667
2024-05-21,11.86,104.661,7420.0,15155.0,7.2376,5.123,83.31,0.6666,,94.979,5.123,83.31,0.6666
2024-05-22,12.29,104.933,7430.0,15220.0,7.2413,5.1516,83.28,0.662,,95.3376,5.1516,83.28,0.662
2024-05-23,12.77,105.108,7398.0,15315.0,7.2429,5.1449,,0.6606,,95.9115,5.1449,,0.6606
2024-05-24,11.93,104.724,7416.0,15340.0,7.2436,5.168,83.0963,0.6628,,96.0588,5.168,83.0963,0.6628
2024-05-27,12.36,104.595,7428.0,15255.0,7.2445,5.1713,83.1387,0.6654,,95.5147,5.1713,83.1387,0.6654
2024-05-28,12.92,104.614,7382.0,15285.0,7.2444,5.1607,83.1837,0.665,,95.7038,5.1607,83.1837,0.665
2024-05-29,14.28,105.122,7348.0,15340.0,7.2492,5.2038,83.3425,0.661,,95.9846,5.2038,83.3425,0.661
2024-05-30,14.47,104.716,7418.0,15250.0,7.2327,,83.315,0.6633,,95.6391,,83.315,0.6633
2024-05-31,12.92,104.671,7392.0,15055.0,7.2418,5.2461,83.465,0.6653,,94.2976,5.2461,83.465,0.6653
2024-06-03,13.11,104.14,7316.0,14840.0,7.242,5.2456,83.145,0.6689,,92.9483,5.2456,83.145,0.6689
2024-06-04,13.16,104.11,7252.0,14740.0,7.2403,5.2876,83.5262,0.6649,,92.3437,5.2876,83.5262,0.6649
2024-06-05,12.63,104.268,7258.0,14895.0,7.2477,5.2984,83.3788,0.6648,,93.2195,5.2984,83.3788,0.6648
2024-06-06,12.58,104.102,7300.0,14950.0,7.245,5.2541,83.4775,0.6666,,93.5985,5.2541,83.4775,0.6666
2024-06-07,12.22,104.885,7324.0,14965.0,7.2478,5.3453,83.38,0.6582,,93.6563,5.3453,83.38,0.6582
2024-06-10,12.74,105.15,,,,5.3547,83.51,0.661,,,5.3547,83.51,0.661
2024-06-11,12.85,105.23,7362.0,14790.0,7.2544,5.3656,83.57,0.6606,,92.4768,5.3656,83.57,0.6606
2024-06-12,12.04,104.645,7370.0,14830.0,7.2405,5.4143,83.5437,0.6664,,92.9049,5.4143,83.5437,0.6664
2024-06-13,11.94,105.196,7370.0,14670.0,7.2525,5.3643,83.5475,0.6636,,91.7505,5.3643,83.5475,0.6636
2024-06-14,12.66,105.55,7410.0,14590.0,7.2557,5.3764,83.5612,0.6615,,91.21,5.3764,83.5612,0.6615
2024-06-17,12.75,105.32,7410.0,14405.0,7.2561,5.4206,,0.6613,,90.0485,5.4206,,0.6613
2024-06-18,12.3,105.256,7426.0,14250.0,7.2539,5.4352,83.4137,0.6656,,89.1065,5.4352,83.4137,0.6656
2024-06-19,12.48,105.254,7440.0,14305.0,7.2571,5.4349,83.4538,0.6673,,89.411,5.4349,83.4538,0.6673
2024-06-20,13.28,105.588,7488.0,14355.0,7.2604,5.4501,83.6475,0.6656,,89.6827,5.4501,83.6475,0.6656
2024-06-21,13.2,105.796,7500.0,14280.0,7.261,5.432,83.54,0.6641,,89.2068,5.432,83.54,0.6641
2024-06-24,13.33,105.473,7580.0,14310.0,7.2594,5.3905,83.4688,0.6657,,89.4139,5.3905,83.4688,0.6657
2024-06-25,12.84,105.607,7720.0,14330.0,7.2629,5.4516,83.4325,0.6647,,89.4957,5.4516,83.4325,0.6647
2024-06-26,12.55,106.052,7708.0,14425.0,7.2666,5.5212,83.5775,0.6648,,90.0432,5.5212,83.5775,0.6648
2024-06-27,12.24,105.906,7678.0,14425.0,7.2688,5.5004,83.4613,0.6647,,90.0159,5.5004,83.4613,0.6647
2024-06-28,12.44,105.866,7710.0,14405.0,7.2673,5.594,83.3913,0.667,,89.9097,5.594,83.3913,0.667
2024-07-01,12.22,105.901,7710.0,14365.0,7.2684,5.66,83.4463,0.666,,89.6464,5.66,83.4463,0.666
2024-07-02,12.03,105.722,7686.0,14545.0,7.2712,5.6764,83.5025,0.6667,,90.7348,5.6764,83.5025,0.6667
2024-07-03,12.09,105.403,7746.0,14515.0,7.2702,5.5531,83.53,0.6705,,90.5601,5.5531,83.53,0.6705
2024-07-04,12.26,105.13,7716.0,14535.0,7.2682,5.4853,83.5,0.6726,,90.7098,5.4853,83.5,0.6726
2024-07-05,12.48,104.875,7688.0,14475.0,7.2683,5.4601,83.4937,0.6749,,90.3342,5.4601,83.4937,0.6749
2024-07-08,12.37,105.0,7610.0,14330.0,7.2681,5.4703,83.5025,0.6737,,89.4317,5.4703,83.5025,0.6737
2024-07-09,12.51,105.129,7318.0,14300.0,7.2726,5.4212,83.4912,0.6741,,89.1893,5.4212,83.4912,0.6741
2024-07-10,12.85,105.048,7544.0,14185.0,7.276,5.4161,83.53,0.6747,,88.4307,5.4161,83.53,0.6747
2024-07-11,12.92,104.44,7574.0,14240.0,7.2579,5.4386,83.5675,0.6759,,88.9949,5.4386,83.5675,0.6759
2024-07-12,12.46,104.093,7546.0,14325.0,7.2504,5.4292,83.535,0.6784,,89.6188,5.4292,83.535,0.6784
2024-07-15,13.12,104.189,7576.0,14580.0,7.2583,5.4453,83.6025,0.676,,91.1148,5.4453,83.6025,0.676
2024-07-16,13.19,104.27,7566.0,14730.0,7.2685,5.4289,83.5888,0.6734,,91.923,5.4289,83.5888,0.6734
2024-07-17,14.48,103.748,7554.0,14590.0,7.2621,5.4826,,0.6729,,91.1296,5.4826,,0.6729
2024-07-18,15.93,104.173,7554.0,14695.0,7.2621,5.5445,83.6588,0.6706,,91.7854,5.5445,83.6588,0.6706
2024-07-19,16.52,104.396,7534.0,14695.0,7.2699,5.5978,83.66,0.6685,,91.6869,5.5978,83.66,0.6685
2024-07-22,14.91,104.314,7512.0,14625.0,7.2738,5.5768,83.665,0.6643,,91.2012,5.5768,83.665,0.6643
2024-07-23,14.72,104.45,7480.0,14575.0,7.2748,5.5856,83.6937,0.6615,,90.877,5.5856,83.6937,0.6615
2024-07-24,18.04,104.391,7440.0,14340.0,7.2635,5.6546,83.7162,0.6581,,89.5508,5.6546,83.7162,0.6581
2024-07-25,18.46,104.355,7428.0,14085.0,7.2469,5.6447,83.7063,0.6538,,88.1598,5.6447,83.7063,0.6538
2024-07-26,16.39,104.316,7412.0,14130.0,7.2505,5.6563,83.7275,0.6548,,88.3976,5.6563,83.7275,0.6548
2024-07-29,16.6,104.564,7416.0,14115.0,7.2603,5.6152,83.7375,0.6549,,88.1846,5.6152,83.7375,0.6549
2024-07-30,17.69,104.554,7364.0,14115.0,7.241,5.6129,83.725,0.6538,,88.4196,5.6129,83.725,0.6538
2024-07-31,16.36,104.096,7382.0,14115.0,7.2267,5.6505,83.7275,0.6542,,88.5946,5.6505,83.7275,0.6542
2024-08-01,18.59,104.421,7456.0,14175.0,7.245,5.7462,83.7238,0.6501,,88.7464,5.7462,83.7238,0.6501
2024-08-02,23.39,103.208,7470.0,14155.0,7.1722,5.7281,83.7475,0.6511,,89.5208,5.7281,83.7475,0.6511
2024-08-05,38.57,102.689,7372.0,14095.0,7.1396,5.7228,83.8438,0.6498,,89.5483,5.7228,83.8438,0.6498
2024-08-06,27.71,102.969,7346.0,13785.0,7.1558,5.6627,83.9575,0.652,,87.3806,5.6627,83.9575,0.652
2024-08-07,27.85,103.197,7244.0,13605.0,7.1766,5.6332,83.9525,0.6519,,85.9896,5.6332,83.9525,0.6519
2024-08-08,23.79,103.209,7242.0,13430.0,7.1763,5.547,83.9637,0.6593,,84.8871,5.547,83.9637,0.6593
2024-08-09,20.37,103.135,7240.0,13445.0,7.1683,5.5087,83.9563,0.6578,,85.0767,5.5087,83.9563,0.6578
2024-08-12,20.71,103.139,7240.0,13620.0,7.1747,5.4965,83.9725,0.6586,,86.1072,5.4965,83.9725,0.6586
2024-08-13,18.12,102.559,7232.0,13580.0,7.155,5.4554,83.9713,0.6634,,86.0907,5.4554,83.9713,0.6634
2024-08-14,16.19,102.568,7224.0,13400.0,7.1411,5.4736,83.9487,0.6598,,85.115,5.4736,83.9487,0.6598
2024-08-15,15.23,102.977,7176.0,13320.0,7.1747,5.4837,,0.6612,,84.2106,5.4837,,0.6612
2024-08-16,14.8,102.463,7232.0,13315.0,7.1592,5.4715,83.95,0.6669,,84.3612,5.4715,83.95,0.6669
2024-08-19,14.65,101.886,7182.0,13245.0,7.1395,5.4118,83.87,0.6731,,84.1493,5.4118,83.87,0.6731
2024-08-20,15.88,101.441,7158.0,13405.0,7.1293,5.4769,83.7925,0.6745,,85.2877,5.4769,83.7925,0.6745
2024-08-21,16.27,101.039,7250.0,13400.0,7.1314,5.4888,83.9337,0.6744,,85.2307,5.4888,83.9337,0.6744
2024-08-22,17.55,101.508,7198.0,13495.0,7.147,5.584,83.9512,0.6705,,85.6476,5.584,83.9512,0.6705
2024-08-23,15.86,100.718,7102.0,13455.0,7.1209,5.4859,83.9,0.6795,,85.7068,5.4859,83.9,0.6795
2024-08-26,16.15,100.851,7152.0,13555.0,7.122,5.4948,83.9,0.6772,,86.3304,5.4948,83.9,0.6772
2024-08-27,15.43,100.552,7260.0,13595.0,7.1238,5.5089,83.925,0.6793,,86.5633,5.5089,83.925,0.6793
2024-08-28,17.11,101.094,7200.0,13595.0,7.1279,5.5676,83.9613,0.6785,,86.5135,5.5676,83.9613,0.6785
2024-08-29,15.65,101.343,7172.0,13555.0,7.097,5.6278,83.8688,0.6798,,86.6345,5.6278,83.8688,0.6798
2024-08-30,15.0,101.698,7218.0,13575.0,7.0913,5.6068,83.8712,0.6765,,86.8321,5.6068,83.8712,0.6765
2024-09-02,15.55,101.653,7048.0,13485.0,7.1173,5.6178,83.925,0.6791,,85.9413,5.6178,83.925,0.6791
2024-09-03,20.72,101.825,7048.0,13490.0,7.1217,5.6443,83.9662,0.6711,,85.9201,5.6443,83.9662,0.6711
2024-09-04,21.32,101.358,7136.0,13555.0,7.113,5.6418,83.9725,0.6725,,86.4396,5.6418,83.9725,0.6725
2024-09-05,19.9,101.107,7030.0,13480.0,7.0887,5.573,83.9825,0.6741,,86.256,5.573,83.9825,0.6741
2024-09-06,22.38,101.177,7002.0,13395.0,7.098,5.5994,83.9487,0.6671,,85.5998,5.5994,83.9487,0.6671
2024-09-09,19.45,101.552,7002.0,13180.0,7.1137,5.5849,83.955,0.6661,,84.04,5.5849,83.955,0.6661
2024-09-10,19.08,101.63,7000.0,13135.0,7.1208,5.6602,83.9762,0.6652,,83.6696,5.6602,83.9762,0.6652
2024-09-11,17.69,101.684,6642.0,13115.0,7.1194,5.6624,83.9775,0.6674,,83.5586,5.6624,83.9775,0.6674
2024-09-12,17.07,101.366,6642.0,13340.0,7.1174,5.6257,83.975,0.6722,,85.016,5.6257,83.975,0.6722
2024-09-13,16.56,101.114,7100.0,13350.0,7.0972,5.5646,83.8975,0.6704,,85.3219,5.5646,83.8975,0.6704
2024-09-16,17.14,100.763,,,,5.5111,83.885,0.6752,,,5.5111,83.885,0.6752
2024-09-17,17.61,100.894,,,,5.4833,83.76,0.6756,,,5.4833,83.76,0.6756
2024-09-18,18.23,100.596,7112.0,13595.0,7.0769,5.461,,0.6764,,87.137,5.461,,0.6764
2024-09-19,16.33,100.614,7040.0,13575.0,7.0627,5.4255,83.6888,0.6814,,87.1837,5.4255,83.6888,0.6814
2024-09-20,16.15,100.723,7062.0,13765.0,7.047,5.5107,83.575,0.6807,,88.6009,5.5107,83.575,0.6807
2024-09-23,15.89,100.851,7010.0,13920.0,7.0521,5.5375,83.555,0.6838,,89.5338,5.5375,83.555,0.6838
2024-09-24,15.39,100.466,7062.0,13915.0,7.0318,5.4554,83.6725,0.6892,,89.76,5.4554,83.6725,0.6892
2024-09-25,15.41,100.912,7160.0,14015.0,7.0338,5.4741,83.6037,0.6823,,90.3794,5.4741,83.6037,0.6823
2024-09-26,15.37,100.562,7088.0,13990.0,7.0111,5.4376,83.6438,0.6896,,90.5103,5.4376,83.6438,0.6896
2024-09-27,16.96,100.381,7176.0,14180.0,7.0111,5.4342,83.7,0.6903,,91.7395,5.4342,83.7,0.6903
2024-09-30,16.73,100.779,7208.0,14325.0,7.0187,5.4496,83.8013,0.6913,,92.5772,5.4496,83.8013,0.6913
2024-10-01,19.26,101.194,,,,5.4393,83.8213,0.6883,,,5.4393,83.8213,0.6883
2024-10-02,18.9,101.677,,,,5.4421,,0.6885,,,5.4421,,0.6885
2024-10-03,20.49,101.989,,,,5.4769,83.9688,0.684,,,5.4769,83.9688,0.684
2024-10-04,19.21,102.52,,,,5.4559,83.975,0.6795,,,5.4559,83.975,0.6795
2024-10-07,22.64,102.537,,,,5.4897,83.9775,0.6757,,,5.4897,83.9775,0.6757
2024-10-08,21.42,102.549,7268.0,14200.0,7.0633,5.5344,83.9637,0.6744,,91.1899,5.5344,83.9637,0.6744
2024-10-09,20.86,102.928,7392.0,14080.0,7.0808,5.5935,83.9637,0.6718,,90.1959,5.5935,83.9637,0.6718
2024-10-10,20.93,102.988,7242.0,13960.0,7.0765,5.5835,83.9775,0.6739,,89.4815,5.5835,83.9775,0.6739
2024-10-11,20.46,102.89,7242.0,13915.0,7.0668,5.611,84.0712,0.675,,89.3155,5.611,84.0712,0.675
2024-10-14,19.7,103.298,7096.0,13950.0,7.0897,5.5937,84.0575,0.6726,,89.2509,5.5937,84.0575,0.6726
2024-10-15,20.64,103.261,7096.0,13865.0,7.1195,5.6529,84.0375,0.6703,,88.3358,5.6529,84.0375,0.6703
2024-10-16,19.58,103.59,6986.0,13890.0,7.1196,5.6643,83.9987,0.6667,,88.4938,5.6643,83.9987,0.6667
2024-10-17,19.11,103.825,6986.0,13805.0,7.1229,5.6549,84.07,0.6696,,87.9115,5.6549,84.07,0.6696
2024-10-18,18.03,103.493,6986.0,13810.0,7.1023,5.693,84.0737,0.6706,,88.1984,5.693,84.0737,0.6706
2024-10-21,18.37,104.012,6966.0,13755.0,7.1209,5.6955,84.0663,0.6659,,87.6177,5.6955,84.0663,0.6659
2024-10-22,18.2,104.075,6948.0,13845.0,7.124,5.6906,84.0762,0.6682,,88.1526,5.6906,84.0762,0.6682
2024-10-23,19.24,104.431,6960.0,13825.0,7.1302,5.6884,84.0825,0.6634,,87.9488,5.6884,84.0825,0.6634
2024-10-24,19.08,104.058,6968.0,13910.0,7.1199,5.6646,84.0762,0.664,,88.6175,5.6646,84.0762,0.664
2024-10-25,20.33,104.257,6984.0,13845.0,7.1215,5.7078,84.0813,0.6608,,88.1836,5.7078,84.0813,0.6608
2024-10-28,19.8,104.316,6990.0,13850.0,7.1293,5.709,84.0762,0.6583,,88.1189,5.709,84.0762,0.6583
2024-10-29,19.34,104.316,6920.0,13790.0,7.1291,5.7618,84.0788,0.6561,,87.7396,5.7618,84.0788,0.6561
2024-10-30,20.35,103.994,6962.0,13705.0,7.1161,5.7629,84.0863,0.6572,,87.3581,5.7629,84.0863,0.6572
2024-10-31,23.16,103.976,7038.0,13455.0,7.118,5.7877,84.0837,0.6582,,85.7417,5.7877,84.0837,0.6582
2024-11-01,21.88,104.282,7250.0,13465.0,7.129,5.8703,,0.6559,,85.673,5.8703,,0.6559
2024-11-04,21.98,103.885,7164.0,13555.0,7.1009,5.784,84.1138,0.6585,,86.5869,5.784,84.1138,0.6585
2024-11-05,20.49,103.423,7150.0,13550.0,7.1047,5.7464,84.1087,0.6638,,86.5087,5.7464,84.1087,0.6638
2024-11-06,16.27,105.088,7150.0,13560.0,7.1753,5.6774,84.28,0.6569,,85.7207,5.6774,84.28,0.6569
2024-11-07,15.2,104.508,7160.0,13525.0,7.1434,5.6903,84.3763,0.6679,,85.8813,5.6903,84.3763,0.6679
2024-11-08,14.94,104.997,7236.0,13550.0,7.1841,5.7352,84.375,0.6583,,85.5526,5.7352,84.375,0.6583
2024-11-11,14.97,105.543,7200.0,13610.0,7.215,5.7566,84.3875,0.6575,,85.5634,5.7566,84.3875,0.6575
2024-11-12,14.71,106.024,7246.0,13585.0,7.2347,5.7573,84.3938,0.6533,,85.1737,5.7573,84.3938,0.6533
2024-11-13,14.02,106.481,7198.0,13275.0,7.234,5.7974,84.3838,0.6485,,83.2381,5.7974,84.3838,0.6485
2024-11-14,14.31,106.673,6900.0,13300.0,7.2271,5.7964,84.405,0.6454,,83.4745,5.7964,84.405,0.6454
2024-11-15,16.14,106.687,6934.0,14005.0,7.2294,,,0.6462,,87.8713,,,0.6462
2024-11-18,15.58,106.275,6942.0,13910.0,7.232,5.7527,84.395,0.6508,,87.2439,5.7527,84.395,0.6508
2024-11-19,16.35,106.206,6908.0,13905.0,7.2394,5.7731,84.4137,0.6532,,87.1234,5.7731,84.4137,0.6532
2024-11-20,17.16,106.68,6910.0,13905.0,7.2455,,,0.6506,,87.05,,,0.6506
2024-11-21,16.87,106.972,6912.0,13960.0,7.2422,5.8142,84.5013,0.6511,,87.4342,5.8142,84.5013,0.6511
2024-11-22,15.24,107.554,6922.0,13915.0,7.248,5.8068,84.455,0.6501,,87.0826,5.8068,84.455,0.6501
2024-11-25,14.6,106.817,6892.0,13930.0,7.2462,5.8111,84.2862,0.6504,,87.1981,5.8111,84.2862,0.6504
2024-11-26,14.1,107.013,6838.0,13940.0,7.2502,5.8122,84.3363,0.6475,,87.2126,5.8122,84.3363,0.6475
2024-11-27,14.1,106.084,6834.0,13940.0,7.2452,5.934,84.4525,0.6497,,87.2727,5.934,84.4525,0.6497
2024-11-28,13.9,106.048,6786.0,13970.0,7.2445,6.0109,84.4962,0.6499,,87.469,6.0109,84.4962,0.6499
2024-11-29,13.51,105.737,6796.0,14010.0,7.2467,5.9713,84.4925,0.6512,,87.6928,5.9713,84.4925,0.6512
2024-12-02,13.34,106.446,6894.0,14035.0,7.2743,6.068,84.7038,0.6475,,87.516,6.068,84.7038,0.6475
2024-12-03,13.3,106.365,6876.0,13910.0,7.2863,6.0506,84.695,0.6486,,86.5937,6.0506,84.695,0.6486
2024-12-04,13.45,106.321,6880.0,13890.0,7.2641,6.0398,84.735,0.643,,86.7335,6.0398,84.735,0.643
2024-12-05,13.54,105.714,6918.0,13890.0,7.2588,6.007,84.735,0.6453,,86.7968,6.007,84.735,0.6453
2024-12-06,12.77,106.055,6900.0,13885.0,7.2717,6.0867,84.6975,0.6391,,86.6116,6.0867,84.6975,0.6391
2024-12-09,14.19,106.145,6864.0,13765.0,7.2586,6.0836,84.7312,0.644,,86.0181,6.0836,84.7312,0.644
2024-12-10,14.18,106.399,6864.0,13795.0,7.2498,6.0511,84.8525,0.6377,,86.3102,6.0511,84.8525,0.6377
2024-12-11,13.58,106.71,6864.0,13735.0,7.263,5.9647,84.84,0.6369,,85.7786,5.9647,84.84,0.6369
2024-12-12,13.92,106.956,6910.0,13720.0,7.2691,5.9976,84.8675,0.6369,,85.613,5.9976,84.8675,0.6369
2024-12-13,13.81,107.003,6936.0,13675.0,7.2736,6.0564,84.7962,0.6362,,85.2794,6.0564,84.7962,0.6362
2024-12-16,14.69,106.858,6988.0,13565.0,7.2839,6.1349,84.8712,0.6371,,84.4738,6.1349,84.8712,0.6371
2024-12-17,15.87,106.956,7014.0,13525.0,7.2842,6.1109,84.9025,0.6337,,84.2212,6.1109,84.9025,0.6337
2024-12-18,27.62,108.027,6996.0,13385.0,7.2857,6.2931,84.955,0.6218,,83.3323,6.2931,84.955,0.6218
2024-12-19,24.09,108.408,6958.0,13315.0,7.2958,6.1403,85.0775,0.6239,,82.7817,6.1403,85.0775,0.6239
2024-12-20,18.36,107.621,6932.0,13335.0,7.2954,6.085,85.0212,0.6251,,82.9106,6.085,85.0212,0.6251
2024-12-23,16.78,108.037,6916.0,13365.0,7.296,6.1915,85.1175,0.6249,,83.0903,6.1915,85.1175,0.6249
2024-12-24,14.27,108.257,6866.0,13415.0,7.2953,6.1575,85.2,0.6237,,83.4092,6.1575,85.2,0.6237
2024-12-26,14.73,108.129,6842.0,13405.0,7.2979,6.1813,85.265,0.6221,,83.3173,6.1813,85.265,0.6221
2024-12-27,15.95,107.998,6816.0,13465.0,7.2961,6.1921,85.54,0.6217,,83.7109,6.1921,85.54,0.6217
2024-12-30,17.4,108.13,6822.0,13405.0,7.2993,6.1774,85.5387,0.6221,,83.3013,6.1774,85.5387,0.6221
2024-12-31,17.35,108.487,6814.0,13460.0,7.2993,,85.6087,0.6188,,83.6431,,85.6087,0.6188
2025-01-02,17.93,109.394,6826.0,13475.0,7.2994,6.1512,85.755,0.6203,,83.7352,6.1512,85.755,0.6203
2025-01-03,16.13,108.952,6874.0,13465.0,7.3215,6.1854,85.7813,0.6216,,83.4205,6.1854,85.7813,0.6216
2025-01-06,16.04,108.257,6812.0,13365.0,7.3281,6.1158,85.825,0.6246,,82.7263,6.1158,85.825,0.6246
2025-01-07,17.82,108.542,6812.0,13430.0,7.328,6.1021,85.7225,0.623,,83.1298,6.1021,85.7225,0.623
2025-01-08,17.7,109.09,6812.0,13405.0,7.3317,6.1099,85.855,0.6216,,82.9332,6.1099,85.855,0.6216
2025-01-09,18.07,109.179,6800.0,13400.0,7.3321,6.0366,85.8638,0.6196,,82.8977,6.0366,85.8638,0.6196
2025-01-10,19.54,109.65,6800.0,13520.0,7.3326,6.1079,85.9738,0.6147,,83.6344,6.1079,85.9738,0.6147
2025-01-13,19.19,109.956,6802.0,13500.0,7.3319,6.0972,86.5813,0.6177,,83.5187,6.0972,86.5813,0.6177
2025-01-14,18.71,109.273,6808.0,13640.0,7.3311,6.0542,86.6463,0.6195,,84.394,6.0542,86.6463,0.6195
2025-01-15,16.12,109.09,6864.0,13530.0,7.3319,6.0131,86.3625,0.6227,,83.7043,6.0131,86.3625,0.6227
2025-01-16,16.6,108.957,7136.0,13570.0,7.3316,6.0547,86.55,0.6213,,83.9552,6.0547,86.55,0.6213
2025-01-17,15.97,109.347,7150.0,13585.0,7.3252,6.0796,86.6125,0.6193,,84.1214,6.0796,86.6125,0.6193
2025-01-20,15.81,109.347,7078.0,13620.0,7.2731,6.0333,86.5687,0.6275,,84.9423,6.0333,86.5687,0.6275
2025-01-21,15.06,108.062,7088.0,13625.0,7.2656,6.026,86.5863,0.6274,,85.0612,6.026,86.5863,0.6274
2025-01-22,15.1,108.167,7042.0,13575.0,7.2762,5.9423,86.3337,0.6274,,84.6255,5.9423,86.3337,0.6274
2025-01-23,15.02,108.047,7000.0,13470.0,7.2862,5.924,86.4662,0.6285,,83.8557,5.924,86.4662,0.6285
2025-01-24,14.85,107.443,6882.0,13475.0,7.2411,5.9138,86.205,0.6314,,84.4093,5.9138,86.205,0.6314
2025-01-27,17.9,107.341,6846.0,13605.0,7.2446,5.9038,86.3387,0.6293,,85.1825,5.9038,86.3387,0.6293
2025-01-28,16.41,107.866,,,,5.8657,86.5313,0.6253,,,5.8657,86.5313,0.6253
2025-01-29,16.56,108.0,,,,5.865,86.555,0.6231,,,5.865,86.555,0.6231
2025-01-30,15.84,107.797,,,,5.8752,86.625,0.6209,,,5.8752,86.625,0.6209
2025-01-31,16.43,108.37,,,,5.844,86.6162,0.6218,,,5.844,86.6162,0.6218
2025-02-03,18.62,108.99,,,,5.8082,87.195,0.6227,,,5.8082,87.195,0.6227
2025-02-04,17.21,107.96,,,,5.7586,87.0762,0.6254,,,5.7586,87.0762,0.6254
2025-02-05,15.77,107.579,6844.0,13595.0,7.2721,5.8044,87.46,0.6285,,84.798,5.8044,87.46,0.6285
2025-02-06,15.5,107.689,6800.0,13505.0,7.2852,5.7626,87.5788,0.6283,,84.0852,5.7626,87.5788,0.6283
2025-02-07,16.54,108.04,6904.0,13565.0,7.2947,5.8091,87.4275,0.6274,,84.3487,5.8091,87.4275,0.6274
2025-02-10,15.81,108.319,6944.0,13590.0,7.305,5.7877,87.48,0.6277,,84.385,5.7877,87.48,0.6277
2025-02-11,16.02,107.963,6944.0,13665.0,7.3069,5.7659,86.83,0.6295,,84.8287,5.7659,86.83,0.6295
2025-02-12,15.89,107.938,6944.0,13680.0,7.3069,5.7596,86.8887,0.628,,84.9218,5.7596,86.8887,0.628
2025-02-13,15.1,107.313,6878.0,13650.0,7.2879,5.7675,86.8963,0.6317,,84.9565,5.7675,86.8963,0.6317
2025-02-14,14.77,106.71,7144.0,13665.0,7.2572,5.6988,86.8325,0.6352,,85.4096,5.6988,86.8325,0.6352
2025-02-17,15.37,106.575,7120.0,13715.0,7.2643,5.7124,86.8788,0.6356,,85.6384,5.7124,86.8788,0.6356
2025-02-18,15.35,107.054,6692.0,13800.0,7.2754,5.6845,86.9487,0.6353,,86.0376,5.6845,86.9487,0.6353
2025-02-19,15.27,107.173,6978.0,13820.0,7.2788,5.7219,,0.6344,,86.1221,5.7219,,0.6344
2025-02-20,15.66,106.372,6976.0,13780.0,7.2429,5.7027,86.6663,0.64,,86.2984,5.7027,86.6663,0.64
2025-02-21,18.21,106.612,6942.0,13820.0,7.2523,5.7305,86.7125,0.6357,,86.4368,5.7305,86.7125,0.6357
2025-02-24,18.98,106.596,6912.0,13770.0,7.2463,5.7727,86.7063,0.635,,86.1954,5.7727,86.7063,0.635
2025-02-25,19.43,106.308,6888.0,13755.0,7.251,5.7522,87.2025,0.6344,,86.0457,5.7522,87.2025,0.6344
2025-02-26,19.1,106.416,6834.0,13715.0,7.2578,5.8123,,0.6305,,85.715,5.8123,,0.6305
2025-02-27,21.13,107.244,6824.0,13685.0,7.2865,5.8315,87.1975,0.6236,,85.1907,5.8315,87.1975,0.6236
2025-02-28,19.63,107.614,6834.0,13575.0,7.2784,5.8844,87.5125,0.6209,,84.6,5.8844,87.5125,0.6209
2025-03-03,22.78,106.747,6772.0,13530.0,7.2876,,87.36,0.6225,,84.2131,,87.36,0.6225
2025-03-04,23.51,105.743,6712.0,13500.0,7.2639,,87.27,0.6272,,84.3005,,87.27,0.6272
2025-03-05,21.93,104.276,6704.0,13495.0,7.2369,5.7558,86.9675,0.6335,,84.5837,5.7558,86.9675,0.6335
2025-03-06,24.87,104.062,6704.0,13430.0,7.2418,5.7629,87.1175,0.6333,,84.1193,5.7629,87.1175,0.6333
2025-03-07,23.37,103.838,6704.0,13495.0,7.2459,5.7896,86.8812,0.6305,,84.4786,5.7896,86.8812,0.6305
2025-03-10,27.86,103.9,6636.0,13555.0,7.26,5.8554,87.3325,0.6278,,84.6894,5.8554,87.3325,0.6278
2025-03-11,26.92,103.419,6636.0,13540.0,7.2302,5.8104,87.2125,0.6298,,84.9444,5.8104,87.2125,0.6298
2025-03-12,24.23,103.612,6500.0,13545.0,7.2379,5.8,87.2125,0.6321,,84.8853,5.8,87.2125,0.6321
2025-03-13,24.66,103.828,6420.0,13575.0,7.2432,5.7997,87.0075,0.6285,,85.0111,5.7997,87.0075,0.6285
2025-03-14,21.77,103.718,6528.0,13585.0,7.2374,5.7421,,0.6324,,85.1419,5.7421,,0.6324
2025-03-17,20.51,103.37,6640.0,13665.0,7.2262,5.6838,86.7988,0.6384,,85.776,5.6838,86.7988,0.6384
2025-03-18,21.7,103.244,6620.0,13590.0,7.2256,5.6713,86.5663,0.6361,,85.3123,5.6713,86.5663,0.6361
2025-03-19,19.9,103.428,6640.0,13610.0,7.2294,5.6483,86.4413,0.6357,,85.393,5.6483,86.4413,0.6357
2025-03-20,19.8,103.851,6598.0,13650.0,7.2493,5.6805,86.3675,0.6303,,85.4088,5.6805,86.3675,0.6303
2025-03-21,19.28,104.088,6608.0,13660.0,7.2518,5.7283,85.9725,0.6273,,85.4419,5.7283,85.9725,0.6273
2025-03-24,17.48,104.262,6574.0,13605.0,7.2607,5.7645,85.6375,0.6286,,84.9936,5.7645,85.6375,0.6286
2025-03-25,17.15,104.184,6564.0,13605.0,7.2584,5.6994,85.7637,0.6303,,85.0205,5.6994,85.7637,0.6303
2025-03-26,18.33,104.547,6572.0,13590.0,7.2683,5.7352,85.7162,0.6299,,84.8111,5.7352,85.7162,0.6299
2025-03-27,18.69,104.335,6620.0,13580.0,7.2622,5.7457,85.7875,0.6305,,84.8199,5.7457,85.7875,0.6305
2025-03-28,21.65,104.044,6646.0,13605.0,7.2622,5.761,85.4625,0.6287,,84.9761,5.761,85.4625,0.6287
2025-03-31,22.28,104.21,6562.0,13545.0,7.2569,5.7057,,0.6247,,84.6631,5.7057,,0.6247
2025-04-01,21.77,104.26,6620.0,13580.0,7.2702,5.6825,,0.6278,,84.7266,5.6825,,0.6278
2025-04-02,21.51,103.807,6620.0,13650.0,7.2677,5.6591,85.5137,0.6299,,85.1926,5.6591,85.5137,0.6299
2025-04-03,30.02,102.072,6518.0,13530.0,7.2818,5.63,85.4413,0.6329,,84.2802,5.63,85.4413,0.6329
2025-04-04,45.31,103.023,,,,5.8423,85.235,0.604,,,5.8423,85.235,0.604
2025-04-07,46.98,103.256,6126.0,13145.0,7.321,5.9144,85.8425,0.5984,,81.4435,5.9144,85.8425,0.5984
2025-04-08,52.33,102.955,5950.0,13050.0,7.3389,6.0118,86.2462,0.596,,80.6577,6.0118,86.2462,0.596
2025-04-09,33.62,102.9,5848.0,12565.0,7.3463,5.8252,86.6975,0.6153,,77.5818,5.8252,86.6975,0.6153
2025-04-10,40.72,100.867,6014.0,12760.0,7.3175,5.8856,,0.6224,,79.0959,5.8856,,0.6224
2025-04-11,37.56,100.102,5992.0,12790.0,7.2921,5.8668,86.0537,0.6289,,79.5581,5.8668,86.0537,0.6289
2025-04-14,30.89,99.64,6002.0,12810.0,7.3095,5.8552,,0.6328,,79.4928,5.8552,,0.6328
2025-04-15,30.12,100.215,5988.0,12750.0,7.3158,5.8862,85.7725,0.6345,,79.0523,5.8862,85.7725,0.6345
2025-04-16,32.64,99.38,5882.0,12685.0,7.2997,5.867,85.685,0.6371,,78.8228,5.867,85.685,0.6371
2025-04-17,29.65,99.376,5914.0,12695.0,7.2992,5.8071,85.375,0.639,,78.8903,5.8071,85.375,0.639
2025-04-21,33.82,98.278,5938.0,12695.0,7.2918,,85.135,0.6415,,78.9704,,85.135,0.6415
2025-04-22,30.57,98.918,5920.0,12615.0,7.3074,5.7247,85.195,0.6367,,78.3052,5.7247,85.195,0.6367
2025-04-23,28.45,99.844,5958.0,12660.0,7.2871,5.7089,85.4238,0.636,,78.8035,5.7089,85.4238,0.636
2025-04-24,26.47,99.377,5950.0,12755.0,7.2889,5.6829,85.27,0.6408,,79.3752,5.6829,85.27,0.6408
2025-04-25,24.84,99.471,5996.0,12745.0,7.2867,5.6833,85.4487,0.6395,,79.3369,5.6833,85.4487,0.6395
2025-04-28,25.15,99.01,6068.0,12700.0,7.2874,5.6549,85.0338,0.6431,,79.0492,5.6549,85.0338,0.6431
2025-04-29,24.17,99.237,6152.0,12610.0,7.2714,5.6209,85.255,0.6384,,78.6617,5.6209,85.255,0.6384
2025-04-30,24.7,99.468,6118.0,12490.0,7.2714,5.6734,84.495,0.6402,,77.9131,5.6734,84.495,0.6402
2025-05-01,24.6,100.248,,,,,,0.6383,,,,,0.6383
2025-05-02,22.68,100.03,,,,5.6572,84.5612,0.6434,,,5.6572,84.5612,0.6434
2025-05-05,23.64,99.831,,,,5.6877,84.2475,0.6469,,,5.6877,84.2475,0.6469
2025-05-06,24.76,99.238,6062.0,12520.0,7.219,5.7141,84.4375,0.6495,,78.6672,5.7141,84.4375,0.6495
2025-05-07,23.55,99.614,6100.0,12540.0,7.2275,5.7453,84.8325,0.6424,,78.7002,5.7453,84.8325,0.6424
2025-05-08,22.48,100.64,6192.0,12600.0,7.2428,5.663,85.7175,0.64,,78.9097,5.663,85.7175,0.64
2025-05-09,21.9,100.339,6240.0,12645.0,7.2382,5.6541,85.375,0.6414,,79.2418,5.6541,85.375,0.6414
2025-05-12,18.39,101.788,6346.0,12760.0,7.2053,5.6754,,0.6372,,80.3276,5.6754,,0.6372
2025-05-13,18.22,101.003,6392.0,13120.0,7.2046,5.6081,85.3463,0.6471,,82.6019,5.6081,85.3463,0.6471
2025-05-14,18.62,101.039,6442.0,13145.0,7.2084,5.6379,85.2787,0.6428,,82.7157,5.6379,85.2787,0.6428
2025-05-15,17.83,100.879,6442.0,13205.0,7.2074,5.6827,85.5462,0.6406,,83.1048,5.6827,85.5462,0.6406
2025-05-16,17.24,101.092,6268.0,13185.0,7.2136,5.6651,85.5188,0.6406,,82.9076,5.6651,85.5188,0.6406
2025-05-19,18.14,100.426,6436.0,,7.2138,5.6521,85.4025,0.6457,,,5.6521,85.4025,0.6457
2025-05-20,18.09,100.118,6528.0,13225.0,7.217,5.6681,85.6362,0.6424,,83.1199,5.6681,85.6362,0.6424
2025-05-21,20.87,99.559,6532.0,13295.0,7.2015,5.646,85.6425,0.6436,,83.7397,5.646,85.6425,0.6436
2025-05-22,20.28,99.96,6484.0,13245.0,7.2056,5.708,86.005,0.6411,,83.3773,5.708,86.005,0.6411
2025-05-23,22.29,99.112,6486.0,13215.0,7.181,5.6467,85.2188,0.6488,,83.4735,5.6467,85.2188,0.6488
2025-05-26,20.57,98.934,6478.0,13165.0,7.1864,5.669,85.0912,0.6486,,83.0952,5.669,85.0912,0.6486
2025-05-27,18.96,99.521,6416.0,13100.0,7.1953,5.6424,85.3425,0.6443,,82.5826,5.6424,85.3425,0.6443
2025-05-28,19.31,99.875,6422.0,13125.0,7.1959,5.6899,85.365,0.6426,,82.7333,5.6899,85.365,0.6426
2025-05-29,19.18,99.278,6452.0,13090.0,7.1859,5.6674,85.5313,0.6442,,82.6275,5.6674,85.5313,0.6442
2025-05-30,18.57,99.329,6388.0,13050.0,7.1989,5.7231,85.5813,0.6431,,82.2263,5.7231,85.5813,0.6431
2025-06-02,18.36,98.706,,,,5.6734,85.3862,0.6495,,,5.6734,85.3862,0.6495
2025-06-03,17.69,99.227,6358.0,13045.0,7.1883,5.6383,85.5925,0.6462,,82.316,5.6383,85.5925,0.6462
2025-06-04,17.61,98.787,6436.0,13010.0,7.178,5.6371,85.9063,0.6492,,82.2129,5.6371,85.9063,0.6492
2025-06-05,18.48,98.741,6392.0,13035.0,7.1777,5.588,85.7962,0.6506,,82.3743,5.588,85.7962,0.6506
2025-06-06,16.77,99.19,6406.0,13130.0,7.1926,5.5601,85.635,0.649,,82.8028,5.5601,85.635,0.649
2025-06-09,17.16,98.939,6406.0,13250.0,7.1794,5.5588,85.63,0.6516,,83.7132,5.5588,85.63,0.6516
2025-06-10,16.95,99.098,6406.0,13285.0,7.1878,5.5744,85.6225,0.6522,,83.8362,5.5744,85.6225,0.6522
2025-06-11,17.26,98.631,6406.0,13335.0,7.1903,5.537,85.515,0.6501,,84.1225,5.537,85.515,0.6501
2025-06-12,18.02,97.921,6406.0,13285.0,7.1727,5.5374,85.6038,0.6533,,84.0127,5.5374,85.6038,0.6533
2025-06-13,20.82,98.184,6564.0,13230.0,7.1832,5.5437,86.0912,0.6487,,83.5426,5.5437,86.0912,0.6487
2025-06-16,19.11,97.998,6580.0,13285.0,7.1802,5.4925,86.06,0.6524,,83.925,5.4925,86.06,0.6524
2025-06-17,21.6,98.82,6564.0,13280.0,7.1868,5.501,86.2438,0.6475,,83.8164,5.501,86.2438,0.6475
2025-06-18,20.14,98.905,6724.0,13320.0,7.1895,5.4932,86.4725,0.6509,,84.0372,5.4932,86.4725,0.6509
2025-06-19,22.17,98.905,6772.0,13275.0,7.1878,,86.7337,0.6482,,83.7731,,86.7337,0.6482
2025-06-20,20.62,98.707,6904.0,13275.0,7.1815,5.5137,86.59,0.6452,,83.8466,5.5137,86.59,0.6452
2025-06-23,19.83,98.416,6906.0,13250.0,7.1789,5.4969,86.7525,0.646,,83.719,5.4969,86.7525,0.646
2025-06-24,17.48,97.858,6732.0,13280.0,7.1716,5.5111,85.98,0.6489,,83.994,5.5111,85.98,0.6489
2025-06-25,16.76,97.679,6686.0,13385.0,7.1741,5.564,86.09,0.6513,,84.6286,5.564,86.09,0.6513
2025-06-26,16.59,97.147,6670.0,13465.0,7.1676,5.4892,85.7088,0.6546,,85.2116,5.4892,85.7088,0.6546
2025-06-27,16.32,97.401,6620.0,13525.0,7.1726,5.4867,85.49,0.6529,,85.5317,5.4867,85.49,0.6529
2025-06-30,16.73,96.875,6650.0,13620.0,7.1638,5.4317,85.7525,0.6581,,86.2382,5.4317,85.7525,0.6581
2025-07-01,16.83,96.819,6678.0,13515.0,7.1658,5.4587,85.5375,0.6583,,85.5495,5.4587,85.5375,0.6583
2025-07-02,16.64,96.776,6688.0,13585.0,7.1631,5.4249,85.7113,0.6584,,86.025,5.4249,85.7113,0.6584
2025-07-03,16.38,97.18,6700.0,13555.0,7.1706,5.4089,85.3225,0.6571,,85.7453,5.4089,85.3225,0.6571
2025-07-04,17.48,97.18,6674.0,13585.0,7.1656,5.4211,85.395,0.6556,,85.995,5.4211,85.395,0.6556
2025-07-07,17.79,97.48,6626.0,13570.0,7.1762,5.4869,85.8638,0.6491,,85.7732,5.4869,85.8638,0.6491
2025-07-08,16.81,97.516,6626.0,13550.0,7.1785,5.4481,85.7,0.653,,85.6193,5.4481,85.7,0.653
2025-07-09,15.94,97.555,6626.0,13535.0,7.1807,5.5726,85.6825,0.6535,,85.4984,5.5726,85.6825,0.6535
2025-07-10,15.78,97.652,6642.0,13625.0,7.1782,5.5318,85.645,0.6588,,86.0968,5.5318,85.645,0.6588
2025-07-11,16.4,97.853,6606.0,13665.0,7.1701,5.5598,85.8025,0.6578,,86.4472,5.5598,85.8025,0.6578
2025-07-14,17.2,98.081,6542.0,13690.0,7.172,5.588,85.9925,0.6545,,86.5824,5.588,85.9925,0.6545
2025-07-15,17.38,98.616,6524.0,13830.0,7.1825,5.5568,85.815,0.6514,,87.3399,5.5568,85.815,0.6514
2025-07-16,17.16,98.392,6494.0,13945.0,7.1785,5.5683,85.9413,0.6528,,88.1152,5.5683,85.9413,0.6528
2025-07-17,16.52,98.734,6496.0,14155.0,7.1817,5.5457,86.0775,0.6488,,89.4023,5.5457,86.0775,0.6488
2025-07-18,16.41,98.482,6500.0,14300.0,7.1746,5.5795,86.1588,0.6509,,90.4075,5.5795,86.1588,0.6509
2025-07-21,16.65,97.853,6442.0,14210.0,7.1694,5.5672,86.2988,0.6525,,89.9037,5.5672,86.2988,0.6525
2025-07-22,16.5,97.392,6442.0,14175.0,7.169,5.5652,86.3687,0.6556,,89.6873,5.5652,86.3687,0.6556
2025-07-23,15.37,97.214,6480.0,14220.0,7.1543,5.5201,86.4187,0.6602,,90.1568,5.5201,86.4187,0.6602
2025-07-24,15.39,97.377,6474.0,14160.0,7.1547,5.5204,86.4088,0.659,,89.7714,5.5204,86.4088,0.659
2025-07-25,14.93,97.645,6560.0,14230.0,7.1695,5.5642,86.52,0.6566,,90.029,5.5642,86.52,0.6566
2025-07-28,15.03,98.634,6540.0,14190.0,7.1788,5.5886,86.6575,0.6521,,89.6596,5.5886,86.6575,0.6521
2025-07-29,15.98,98.886,6494.0,14020.0,7.177,5.5746,86.82,0.651,,88.6077,5.5746,86.82,0.651
2025-07-30,15.48,99.815,6500.0,13825.0,7.1972,5.5714,87.425,0.6434,,87.13,5.5714,87.425,0.6434
2025-07-31,16.72,99.968,6454.0,13700.0,7.2,5.6003,87.6,0.6425,,86.3087,5.6003,87.6,0.6425
2025-08-01,20.38,99.141,6360.0,13615.0,7.1933,5.5421,87.5275,0.6474,,85.8531,5.5421,87.5275,0.6474
2025-08-04,17.52,98.784,6322.0,13640.0,7.1809,5.499,87.6525,0.6467,,86.1592,5.499,87.6525,0.6467
2025-08-05,17.85,98.782,6290.0,13670.0,7.184,5.5076,87.805,0.6473,,86.3115,5.5076,87.805,0.6473
2025-08-06,16.77,98.177,6298.0,13690.0,7.1824,5.4638,87.735,0.6503,,86.457,5.4638,87.735,0.6503
2025-08-07,16.57,98.4,6300.0,13675.0,7.1814,5.4245,87.7088,0.6524,,86.3743,5.4245,87.7088,0.6524
2025-08-08,15.15,98.18,6290.0,13660.0,7.1802,5.4345,87.6613,0.6522,,86.294,5.4345,87.6613,0.6522
2025-08-11,16.25,98.52,6300.0,13700.0,7.1888,5.4426,87.6563,0.6513,,86.4431,5.4426,87.6563,0.6513
2025-08-12,14.73,98.097,6304.0,13715.0,7.1814,5.3889,87.7063,0.653,,86.6269,5.3889,87.7063,0.653
2025-08-13,14.49,97.84,6290.0,13830.0,7.1766,5.3976,87.4937,0.6546,,87.4117,5.3976,87.4937,0.6546
2025-08-14,14.83,98.254,6254.0,13825.0,7.1815,5.417,87.565,0.6495,,87.3205,5.417,87.565,0.6495
2025-08-15,15.09,97.852,6316.0,13840.0,7.1845,5.4011,,0.6507,,87.3787,5.4011,,0.6507
2025-08-18,14.99,98.167,6332.0,13835.0,7.1849,5.4363,87.3525,0.6491,,87.3423,5.4363,87.3525,0.6491
2025-08-19,15.57,98.265,6374.0,13835.0,7.1824,5.5057,86.9625,0.6454,,87.3727,5.5057,86.9625,0.6454
2025-08-20,15.69,98.218,6376.0,13775.0,7.1758,5.4824,87.0775,0.6434,,87.0738,5.4824,87.0775,0.6434
2025-08-21,16.6,98.619,6480.0,13775.0,7.1805,5.4757,87.2612,0.642,,87.0168,5.4757,87.2612,0.642
2025-08-22,14.22,97.716,6512.0,13750.0,7.1675,5.426,87.5275,0.649,,87.0164,5.426,87.5275,0.649
2025-08-25,14.79,98.43,6492.0,13815.0,7.1536,5.4117,87.58,0.6482,,87.5977,5.4117,87.58,0.6482
2025-08-26,14.62,98.225,6504.0,13810.0,7.1528,5.4317,87.68,0.6495,,87.5757,5.4317,87.68,0.6495
2025-08-27,14.85,98.232,6482.0,13775.0,7.1517,5.4182,,0.6506,,87.3672,5.4182,,0.6506
2025-08-28,14.43,97.813,6452.0,13730.0,7.1307,5.4145,87.6338,0.6532,,87.3383,5.4145,87.6338,0.6532
2025-08-29,15.36,97.771,6378.0,13795.0,7.1308,5.4297,88.2063,0.654,,87.7505,5.4297,88.2063,0.654
2025-09-01,16.12,97.771,6382.0,13620.0,7.1377,5.4395,88.2012,0.6552,,86.5536,5.4395,88.2012,0.6552
2025-09-02,17.17,98.397,6360.0,13645.0,7.1383,5.4651,88.16,0.652,,86.7052,5.4651,88.16,0.652
2025-09-03,16.35,98.142,6350.0,13575.0,7.1421,5.451,88.07,0.6543,,86.2145,5.451,88.07,0.6543
2025-09-04,15.3,98.347,6280.0,13590.0,7.1416,5.4467,88.1525,0.6518,,86.3158,5.4467,88.1525,0.6518
2025-09-05,15.18,97.768,6256.0,13565.0,7.1328,5.4126,88.2663,0.6557,,86.2633,5.4126,88.2663,0.6557
2025-09-08,15.11,97.454,6264.0,13490.0,7.1298,5.4196,,0.6592,,85.8224,5.4196,,0.6592
2025-09-09,15.04,97.788,6268.0,13440.0,7.1238,5.4383,88.1138,0.6585,,85.5764,5.4383,88.1138,0.6585
2025-09-10,15.35,97.78,6268.0,13345.0,7.121,5.4089,88.1013,0.6613,,85.0049,5.4089,88.1013,0.6613
2025-09-11,14.71,97.531,6272.0,13345.0,7.1186,5.3891,88.44,0.6659,,85.0335,5.3891,88.44,0.6659
2025-09-12,14.76,97.55,6232.0,13375.0,7.125,5.3543,88.2787,0.6648,,85.1481,5.3543,88.2787,0.6648
2025-09-15,15.69,97.302,6366.0,13740.0,7.1185,5.3169,88.2188,0.6669,,87.5517,5.3169,88.2188,0.6669
2025-09-16,16.36,96.633,6378.0,13755.0,7.1143,5.2972,88.0587,0.6685,,87.699,5.2972,88.0587,0.6685
2025-09-17,15.72,96.873,6392.0,13780.0,7.1042,5.3045,87.8087,0.6653,,87.9833,5.3045,87.8087,0.6653
2025-09-18,15.7,97.348,6404.0,13710.0,7.1124,5.3137,88.1337,0.6612,,87.4354,5.3137,88.1337,0.6612
2025-09-19,15.45,97.644,6322.0,13625.0,7.1182,5.3241,88.1025,0.6593,,86.8226,5.3241,88.1025,0.6593
2025-09-22,16.1,97.341,6296.0,13520.0,7.1145,5.3353,88.3163,0.6599,,86.1983,5.3353,88.3163,0.6599
2025-09-23,16.64,97.264,6242.0,13490.0,7.1132,5.2824,88.7562,0.6599,,86.0227,5.2824,88.7562,0.6599
2025-09-24,16.18,97.873,6274.0,13625.0,7.1319,5.3314,88.6987,0.6583,,86.6558,5.3314,88.6987,0.6583
2025-09-25,16.74,98.553,6358.0,13560.0,7.1339,5.3637,88.6725,0.654,,86.2182,5.3637,88.6725,0.654
2025-09-26,15.29,98.152,6350.0,13500.0,7.1345,5.344,88.7162,0.6542,,85.8295,5.344,88.7162,0.6542
2025-09-29,16.12,97.906,6318.0,13345.0,7.1224,5.3224,88.7612,0.6577,,84.9882,5.3224,88.7612,0.6577
2025-09-30,16.28,97.775,6266.0,13225.0,7.1224,5.3218,88.7888,0.6613,,84.2239,5.3218,88.7888,0.6613
2025-10-01,16.29,97.706,,,,5.3292,88.6938,0.6613,,,5.3292,88.6938,0.6613
2025-10-02,16.63,97.846,,,,5.3383,,0.6596,,,5.3383,,0.6596
2025-10-03,16.65,97.723,,,,5.3372,88.7825,0.6604,,,5.3372,88.7825,0.6604
2025-10-06,16.37,98.108,,,,5.3113,88.7912,0.6617,,,5.3113,88.7912,0.6617
2025-10-07,17.24,98.578,,,,5.3505,88.7825,0.6581,,,5.3505,88.7825,0.6581
2025-10-08,16.3,98.915,,,,5.3431,88.7975,0.6586,,,5.3431,88.7975,0.6586
2025-10-09,16.43,99.538,6250.0,13255.0,7.13,5.3693,88.7912,0.6556,,84.325,5.3693,88.7912,0.6556
2025-10-10,21.66,98.978,6200.0,13340.0,7.1353,5.5209,88.6975,0.6474,,84.8027,5.5209,88.6975,0.6474
2025-10-13,19.03,99.269,6160.0,13330.0,7.1309,5.4663,88.6763,0.6515,,84.7914,5.4663,88.6763,0.6515
2025-10-14,20.81,99.047,6116.0,13310.0,7.1372,5.484,88.7988,0.6486,,84.5895,5.484,88.7988,0.6486
2025-10-15,20.64,98.793,6088.0,13275.0,7.127,5.4543,88.07,0.6513,,84.4878,5.4543,88.07,0.6513
2025-10-16,25.31,98.336,6090.0,13355.0,7.1246,5.4448,87.8288,0.6485,,85.0256,5.4448,87.8288,0.6485
2025-10-17,20.78,98.433,6090.0,13375.0,7.127,5.4102,87.9725,0.6499,,85.1242,5.4102,87.9725,0.6499
2025-10-20,18.23,98.586,6090.0,13490.0,7.1215,5.3745,87.93,0.6513,,85.9225,5.3745,87.93,0.6513
2025-10-21,17.87,98.934,6090.0,13645.0,7.1247,5.3883,,0.6488,,86.8707,5.3883,,0.6488
2025-10-22,18.6,98.897,6098.0,13705.0,7.1251,5.4008,,0.6488,,87.2478,5.4008,,0.6488
2025-10-23,17.3,98.936,6148.0,13695.0,7.1233,5.3839,87.8525,0.6512,,87.2061,5.3839,87.8525,0.6512
2025-10-24,16.37,98.952,6138.0,13670.0,7.1225,5.3889,87.8513,0.6513,,87.0567,5.3889,87.8513,0.6513
2025-10-27,15.79,98.783,6172.0,13665.0,7.1084,5.374,88.2437,0.6556,,87.1975,5.374,88.2437,0.6556
2025-10-28,16.42,98.667,6222.0,13675.0,7.0992,5.3582,88.2663,0.6585,,87.3744,5.3582,88.2663,0.6585
2025-10-29,16.92,99.22,6204.0,13685.0,7.0985,5.3613,88.1975,0.6574,,87.4469,5.3613,88.1975,0.6574
2025-10-30,16.91,99.526,6216.0,13735.0,7.1104,5.3814,88.7038,0.6555,,87.6195,5.3814,88.7038,0.6555
2025-10-31,17.44,99.804,6162.0,13855.0,7.1194,5.3766,88.7725,0.6545,,88.2733,5.3766,88.7725,0.6545
2025-11-03,17.17,99.873,6162.0,13830.0,7.1213,5.3586,88.7813,0.6537,,88.0905,5.3586,88.7813,0.6537
2025-11-04,19.0,100.224,6194.0,13840.0,7.1295,5.4005,88.6588,0.649,,88.0528,5.4005,88.6588,0.649
2025-11-05,18.01,100.204,6170.0,13825.0,7.1268,5.357,,0.6505,,87.9907,5.357,,0.6505
2025-11-06,19.5,99.733,6148.0,13850.0,7.1193,5.3521,88.625,0.648,,88.2427,5.3521,88.625,0.648
2025-11-07,19.08,99.603,6170.0,13845.0,7.1221,5.334,88.665,0.6493,,88.1762,5.334,88.665,0.6493
2025-11-10,17.6,99.589,6188.0,13840.0,7.1186,5.301,88.6987,0.6536,,88.1876,5.301,88.6987,0.6536
2025-11-11,17.28,99.443,6156.0,13835.0,7.1173,5.2734,88.5675,0.6527,,88.1719,5.2734,88.5675,0.6527
2025-11-12,17.51,99.495,6156.0,13780.0,7.111,5.2924,88.6413,0.6541,,87.8992,5.2924,88.6413,0.6541
2025-11-13,20.0,99.156,6110.0,13725.0,7.0961,5.2991,88.6662,0.6529,,87.7322,5.2991,88.6662,0.6529
2025-11-14,19.83,99.299,6126.0,13700.0,7.0993,5.2974,88.7425,0.6538,,87.5329,5.2974,88.7425,0.6538
2025-11-17,22.38,99.588,6166.0,13435.0,7.1077,5.328,88.6387,0.6494,,85.7383,5.328,88.6387,0.6494
2025-11-18,24.69,99.55,6162.0,13415.0,7.1094,5.3238,88.6113,0.6507,,85.5902,5.3238,88.6113,0.6507
2025-11-19,23.66,100.228,6164.0,13445.0,7.114,5.3333,88.5875,0.6478,,85.7261,5.3333,88.5875,0.6478
2025-11-20,26.42,100.158,6182.0,13485.0,7.1165,,88.7075,0.644,,85.951,,88.7075,0.644
2025-11-21,23.43,100.18,6146.0,13470.0,7.1052,5.4032,89.4088,0.6455,,85.9919,5.4032,89.4088,0.6455
2025-11-24,20.52,100.142,6182.0,13555.0,7.1031,5.3898,89.2375,0.6464,,86.5601,5.3898,89.2375,0.6464
2025-11-25,18.56,99.664,6200.0,13625.0,7.0846,5.3859,89.2225,0.6469,,87.2343,5.3859,89.2225,0.6469
2025-11-26,17.19,99.595,6178.0,13635.0,7.0761,5.3337,89.27,0.6518,,87.4032,5.3337,89.27,0.6518
2025-11-27,17.21,99.536,6148.0,13635.0,7.0795,5.354,89.3062,0.6534,,87.3612,5.354,89.3062,0.6534
2025-11-28,16.35,99.459,6142.0,13705.0,7.0745,5.3351,89.4563,0.655,,87.8718,5.3351,89.4563,0.655
2025-12-01,17.24,99.414,6192.0,13760.0,7.072,5.3559,89.5587,0.6544,,88.2556,5.3559,89.5587,0.6544
2025-12-02,16.59,99.357,6208.0,13790.0,7.0712,5.3279,89.875,0.6563,,88.4581,5.3279,89.875,0.6563
2025-12-03,16.08,98.854,6168.0,13735.0,7.064,5.3109,90.1913,0.6601,,88.1951,5.3109,90.1913,0.6601
2025-12-04,15.78,98.989,6158.0,13780.0,7.0719,5.312,89.98,0.661,,88.3852,5.312,89.98,0.661
2025-12-05,15.41,98.992,6136.0,13750.0,7.0711,5.4506,89.9938,0.664,,88.2027,5.4506,89.9938,0.664
2025-12-08,16.66,99.087,6106.0,13735.0,7.072,5.4323,90.0912,0.6624,,88.0953,5.4323,90.0912,0.6624
2025-12-09,16.93,99.22,6104.0,13760.0,7.0636,5.4399,89.8862,0.6642,,88.3606,5.4399,89.8862,0.6642
2025-12-10,15.77,98.786,6070.0,13770.0,7.068,5.4718,89.9775,0.6676,,88.3698,5.4718,89.9775,0.6676
2025-12-11,14.85,98.346,6074.0,13855.0,7.0571,5.4058,90.365,0.6664,,89.0526,5.4058,90.365,0.6664
2025-12-12,15.74,98.399,6036.0,13850.0,7.055,5.4181,90.42,0.6652,,89.0469,5.4181,90.42,0.6652
2025-12-15,16.5,98.309,6118.0,13915.0,7.048,5.4191,90.7337,0.6641,,89.5537,5.4191,90.7337,0.6641
2025-12-16,16.48,98.146,6106.0,13980.0,7.0426,5.4675,91.0325,0.6632,,90.041,5.4675,91.0325,0.6632
2025-12-17,17.62,98.368,6126.0,13945.0,7.044,5.5145,90.3775,0.6605,,89.7977,5.5145,90.3775,0.6605
2025-12-18,16.87,98.427,6160.0,13960.0,7.0413,5.5223,90.2513,0.6613,,89.9288,5.5223,90.2513,0.6613
2025-12-19,14.91,98.599,6220.0,13995.0,7.041,5.5434,89.6525,0.6612,,90.1581,5.5434,89.6525,0.6612
2025-12-22,14.08,98.286,6360.0,14120.0,7.037,5.5915,89.6537,0.6657,,91.0151,5.5915,89.6537,0.6657
2025-12-23,14.0,97.942,6366.0,14190.0,7.0296,5.5285,89.6625,0.6702,,91.5626,5.5285,89.6625,0.6702
2025-12-24,13.47,97.976,6428.0,14205.0,7.0157,5.5402,89.78,0.6709,,91.841,5.5402,89.78,0.6709
2025-12-26,13.6,98.022,6534.0,14525.0,7.0054,5.5435,89.8525,0.6716,,94.048,5.5435,89.8525,0.6716
2025-12-29,14.2,98.037,6494.0,14530.0,7.006,5.5728,89.9812,0.6694,,94.0723,5.5728,89.9812,0.6694
2025-12-30,14.33,98.238,6508.0,14535.0,6.9958,5.4749,89.7888,0.6695,,94.2419,5.4749,89.7888,0.6695
2025-12-31,14.95,98.322,6484.0,14605.0,6.988,,89.8763,0.6673,,94.8014,,89.8763,0.6673
2026-01-02,14.51,98.424,,,,5.4247,90.1962,0.6693,,,5.4247,90.1962,0.6693
2026-01-05,14.9,98.27,6440.0,14760.0,6.9886,5.4078,90.285,0.6714,,95.7993,5.4078,90.285,0.6714
2026-01-06,14.75,98.58,6452.0,14835.0,6.9839,5.3756,90.1763,0.6738,,96.3509,5.3756,90.1763,0.6738
2026-01-07,15.38,98.684,6482.0,15100.0,6.9916,5.3887,89.8862,0.6721,,97.964,5.3887,89.8862,0.6721
2026-01-08,15.45,98.934,6456.0,14990.0,6.9845,5.3861,90.0275,0.6699,,97.3492,5.3861,90.0275,0.6699
2026-01-09,14.49,99.133,6456.0,14855.0,6.9783,5.366,90.165,0.6687,,96.5582,5.366,90.165,0.6687
2026-01-12,15.12,98.862,6430.0,14650.0,6.9731,5.3747,90.165,0.6711,,95.2967,5.3747,90.165,0.6711
2026-01-13,15.98,99.134,6430.0,14850.0,6.9777,5.3737,90.1875,0.6682,,96.534,5.3737,90.1875,0.6682
2026-01-14,16.75,99.055,6430.0,14795.0,6.9729,5.3928,90.3,0.6682,,96.2427,5.3928,90.3,0.6682
2026-01-15,15.84,99.321,6370.0,14780.0,6.9671,5.3707,,0.6699,,96.2252,5.3707,,0.6699
2026-01-16,15.86,99.393,6362.0,14710.0,6.9703,5.3713,90.8675,0.6683,,95.7255,5.3713,90.8675,0.6683
2026-01-19,18.84,99.393,6382.0,14555.0,6.9641,5.3657,90.9163,0.6714,,94.8011,5.3657,90.9163,0.6714
2026-01-20,20.09,98.641,6404.0,14495.0,6.9608,5.3759,90.9775,0.6737,,94.4551,5.3759,90.9775,0.6737
2026-01-21,16.9,98.761,6480.0,14560.0,6.9648,5.3166,91.7012,0.6762,,94.8242,5.3166,91.7012,0.6762
2026-01-22,15.64,98.359,6550.0,14600.0,6.9696,5.2879,91.625,0.684,,95.0192,5.2879,91.625,0.684
2026-01-23,16.09,97.599,6700.0,14710.0,6.9632,5.2857,91.96,0.6894,,95.8231,5.2857,91.96,0.6894
2026-01-26,16.15,97.04,6796.0,14665.0,6.9542,5.2831,,0.6917,,95.6536,5.2831,,0.6917
2026-01-27,16.35,96.217,6710.0,14640.0,6.9546,5.1852,91.7238,0.7011,,95.485,5.1852,91.7238,0.7011
2026-01-28,16.35,96.446,6678.0,14850.0,6.9484,5.1974,91.79,0.7041,,96.9411,5.1974,91.79,0.7041
2026-01-29,16.88,96.283,6682.0,15000.0,6.9524,5.1897,91.9563,0.7049,,97.864,5.1897,91.9563,0.7049
2026-01-30,17.44,96.991,6674.0,14850.0,6.9569,5.2634,91.99,0.6964,,96.8226,5.2634,91.99,0.6964
2026-02-02,16.34,97.632,6446.0,14700.0,6.9453,5.2567,91.5163,0.6948,,96.0047,5.2567,91.5163,0.6948
2026-02-03,18.0,97.437,6482.0,14705.0,6.9385,5.2385,90.2725,0.7021,,96.1315,5.2385,90.2725,0.7021
2026-02-04,18.64,97.616,6496.0,14695.0,6.9439,5.246,90.4337,0.6998,,95.9914,5.246,90.4337,0.6998
2026-02-05,21.77,97.824,6462.0,14725.0,6.9384,5.2716,90.3538,0.6927,,96.2636,5.2716,90.3538,0.6927
2026-02-06,17.76,97.633,6462.0,14660.0,6.9358,5.2191,90.6625,0.7013,,95.8746,5.2191,90.6625,0.7013
2026-02-09,17.36,96.816,6458.0,14675.0,6.9209,5.1924,90.765,0.7093,,96.1793,5.1924,90.765,0.7093
2026-02-10,17.79,96.799,6512.0,14715.0,6.9127,5.1972,90.58,0.7075,,96.5559,5.1972,90.58,0.7075
2026-02-11,17.65,96.834,6546.0,14775.0,6.9121,5.1843,90.705,0.7127,,96.958,5.1843,90.705,0.7127
2026-02-12,20.82,96.925,6576.0,14820.0,6.9017,5.2125,90.6,0.709,,97.3999,5.2125,90.6,0.709
2026-02-13,20.6,96.915,6526.0,14835.0,6.9049,5.2229,90.64,0.7073,,97.4533,5.2229,90.64,0.7073
2026-02-16,21.2,96.915,,,,,90.6537,0.7072,,,,90.6537,0.7072
2026-02-17,20.29,97.155,,,,,90.685,0.7086,,,,90.685,0.7086
2026-02-18,19.62,97.703,,,,5.2361,90.6788,0.7042,,,5.2361,90.6788,0.7042
2026-02-19,20.23,97.925,,,,5.215,,0.7056,,,5.215,,0.7056
2026-02-20,19.09,97.796,,,,5.1754,90.9863,0.7081,,,5.1754,90.9863,0.7081
2026-02-23,21.01,97.706,,,,5.1654,90.8825,0.7056,,,5.1654,90.8825,0.7056
2026-02-24,19.55,97.843,6712.0,15185.0,6.8823,5.1531,90.9538,0.7058,,100.08,5.1531,90.9538,0.7058
2026-02-25,17.93,97.7,6702.0,15575.0,6.8612,5.1249,90.9563,0.7123,,102.9661,5.1249,90.9563,0.7123
2026-02-26,18.63,97.791,6614.0,15620.0,6.8475,5.1379,90.9162,0.7105,,103.4702,5.1379,90.9162,0.7105
2026-02-27,19.86,97.608,6554.0,15545.0,6.8624,5.1252,90.9775,0.7118,,102.7498,5.1252,90.9775,0.7118
2026-03-02,21.44,98.381,6646.0,15505.0,6.9051,5.175,91.475,0.7093,,101.8516,5.175,91.475,0.7093
2026-03-03,23.57,99.052,6930.0,15390.0,6.9181,5.2723,,0.7036,,100.9062,5.2723,,0.7036
2026-03-04,21.15,98.769,7068.0,15385.0,6.8971,5.2312,92.1488,0.7075,,101.1806,5.2312,92.1488,0.7075
2026-03-05,23.75,99.317,7092.0,15525.0,6.9113,5.2639,91.6,0.7008,,101.8915,5.2639,91.6,0.7008
2026-03-06,29.49,98.986,7168.0,15450.0,6.9047,5.2382,91.745,0.703,,101.4962,5.2382,91.745,0.703
2026-03-09,25.5,99.175,7670.0,15580.0,6.907,5.1575,92.33,0.7076,,102.3162,5.1575,92.33,0.7076
2026-03-10,24.93,98.826,7950.0,15490.0,6.8685,5.159,91.805,0.712,,102.2953,5.159,91.805,0.712
2026-03-11,24.23,99.231,7748.0,15625.0,6.8741,5.1567,92.0387,0.7152,,103.1028,5.1567,92.0387,0.7152
2026-03-12,27.29,99.739,8290.0,15545.0,6.8808,5.2459,92.1975,0.7077,,102.475,5.2459,92.1975,0.7077
2026-03-13,27.19,100.362,8206.0,15605.0,6.9037,5.3237,92.4575,0.6981,,102.5293,5.3237,92.4575,0.6981
2026-03-16,23.51,99.712,8430.0,15440.0,6.8906,5.2309,92.4263,0.7072,,101.6381,5.2309,92.4263,0.7072
2026-03-17,22.37,99.575,8334.0,15530.0,6.8848,5.1934,92.3812,0.7105,,102.3167,5.1934,92.3812,0.7105
2026-03-18,25.09,100.086,8390.0,15300.0,6.8878,5.2678,92.635,0.7024,,100.7574,5.2678,92.635,0.7024
2026-03-19,24.06,99.232,8512.0,15185.0,6.8909,5.221,,0.7087,,99.9551,5.221,,0.7087
2026-03-20,26.78,99.647,8214.0,15140.0,6.9036,5.3159,93.7075,0.7023,,99.4756,5.3159,93.7075,0.7023
2026-03-23,26.15,98.95,8498.0,15310.0,6.8838,5.2351,93.9763,0.7011,,100.8819,5.2351,93.9763,0.7011
2026-03-24,26.95,99.434,8292.0,15275.0,6.8938,5.2323,93.875,0.6996,,100.5053,5.2323,93.875,0.6996
2026-03-25,25.33,99.599,8028.0,15310.0,6.9026,5.2274,93.9738,0.6947,,100.6071,5.2274,93.9738,0.6947
2026-03-26,27.44,99.9,8088.0,15380.0,6.914,5.2386,,0.6886,,100.9005,5.2386,,0.6886
2026-03-27,31.05,100.151,8268.0,15380.0,6.9112,5.2388,94.815,0.6874,,100.9414,5.2388,94.815,0.6874
2026-03-30,30.61,100.509,8400.0,15405.0,6.9125,5.2543,94.8325,0.6853,,101.0864,5.2543,94.8325,0.6853
2026-03-31,25.25,99.961,8238.0,15330.0,6.8944,5.1805,,0.69,,100.8584,5.1805,,0.69
2026-04-01,24.54,99.651,8180.0,15380.0,6.8755,5.1549,,0.6928,,101.4655,5.1549,,0.6928
2026-04-02,23.87,100.028,8090.0,15300.0,6.8851,5.1574,93.105,0.691,,100.797,5.1574,93.105,0.691
2026-04-06,24.17,99.981,,,,5.1446,93.0612,0.6918,,,5.1446,93.0612,0.6918
2026-04-07,25.78,99.858,8750.0,15280.0,6.8629,5.1542,93.0,0.6974,,100.9908,5.1542,93.0,0.6974
2026-04-08,21.04,99.133,8462.0,15190.0,6.8327,5.0997,92.58,0.7044,,100.8397,5.0997,92.58,0.7044
2026-04-09,19.49,98.819,8346.0,15205.0,6.8307,5.0575,92.6637,0.7082,,100.9689,5.0575,92.6637,0.7082
2026-04-10,19.23,98.65,8260.0,15475.0,6.8292,5.0054,92.7312,0.7064,,102.7844,5.0054,92.7312,0.7064
2026-04-13,19.12,98.366,8000.0,15430.0,6.8302,4.9968,93.3825,0.7095,,102.4705,4.9968,93.3825,0.7095
2026-04-14,18.36,98.124,8000.0,15370.0,6.8158,4.9884,,0.7126,,102.2877,4.9884,,0.7126
2026-04-15,18.17,98.055,8000.0,15430.0,6.819,4.9939,93.3763,0.717,,102.6388,4.9939,93.3763,0.717
2026-04-16,17.94,98.215,8120.0,15650.0,6.8226,4.9931,93.1975,0.7161,,104.0473,4.9931,93.1975,0.7161
2026-04-17,17.48,98.098,8114.0,15750.0,6.8182,4.9781,92.925,0.7174,,104.7797,4.9781,92.925,0.7174
2026-04-20,18.87,98.097,7996.0,15785.0,6.8173,4.9655,93.12,0.7178,,105.0264,4.9655,93.12,0.7178
2026-04-21,19.5,98.394,7984.0,15840.0,6.8265,,93.4975,0.7152,,105.2503,,93.4975,0.7152
2026-04-22,18.92,98.59,8058.0,16065.0,6.8289,4.963,93.7988,0.716,,106.7078,4.963,93.7988,0.716
2026-04-23,19.31,98.77,8182.0,16135.0,6.8313,5.0182,94.1113,0.7128,,107.1351,5.0182,94.1113,0.7128
2026-04-24,18.71,98.533,8142.0,16085.0,6.832,4.9813,94.255,0.7152,,106.7922,4.9813,94.255,0.7152
2026-04-27,18.02,98.496,8276.0,16210.0,6.8266,4.9834,94.195,0.7186,,107.7072,4.9834,94.195,0.7186
2026-04-28,17.83,98.64,8354.0,16280.0,6.8376,4.974,94.5475,0.7181,,107.9983,4.974,94.5475,0.7181
2026-04-29,18.81,98.961,8456.0,16295.0,6.8404,4.9967,94.85,0.7116,,108.0536,4.9967,94.85,0.7116
2026-04-30,16.89,98.056,8458.0,16320.0,6.8281,4.9554,94.92,0.7201,,108.4143,4.9554,94.92,0.7201
2026-05-01,16.99,98.156,,,,,,0.7202,,,,,0.7202
2026-05-04,18.29,98.374,,,,4.9642,95.0887,0.7167,,,4.9642,95.0887,0.7167
2026-05-05,17.38,98.444,,,,4.9109,95.2913,0.7183,,,4.9109,95.2913,0.7183
2026-05-06,17.39,98.023,8408.0,16695.0,6.8125,4.9239,94.615,0.7237,,111.1594,4.9239,94.615,0.7237
2026-05-07,17.08,98.067,8160.0,16665.0,6.8041,4.9241,94.2513,0.7209,,111.0966,4.9241,94.2513,0.7209
2026-05-08,17.19,97.9,8114.0,16405.0,6.8005,4.8889,94.4837,0.7246,,109.4212,4.8889,94.4837,0.7246
2026-05-11,18.38,97.955,8114.0,16255.0,6.7955,4.8912,95.3112,0.7249,,108.5005,4.8912,95.3112,0.7249
2026-05-12,17.99,98.298,8222.0,16260.0,6.7969,4.8927,95.63,0.724,,108.5115,4.8927,95.63,0.724
2026-05-13,17.87,98.524,8170.0,16305.0,6.7906,5.0119,95.7125,0.7258,,108.9128,5.0119,95.7125,0.7258
2026-05-14,17.26,98.819,8170.0,16285.0,6.7872,4.9818,95.7688,0.7221,,108.8337,4.9818,95.7688,0.7221
2026-05-15,18.43,99.284,8210.0,16040.0,6.8127,5.0556,95.9688,0.715,,106.7951,5.0556,95.9688,0.715
2026-05-18,17.82,99.193,8298.0,15810.0,6.8001,4.9907,96.355,0.7168,,105.4588,4.9907,96.355,0.7168
2026-05-19,18.06,99.327,8196.0,15780.0,6.8136,5.0482,96.5375,0.7107,,105.0501,5.0482,96.5375,0.7107
2026-05-20,17.44,99.092,7972.0,15905.0,6.7988,5.0,96.8262,0.7151,,106.1128,5.0,96.8262,0.7151
2026-05-21,16.76,99.257,7968.0,15890.0,6.8014,5.0046,96.2038,0.715,,105.9722,5.0046,96.2038,0.715
2026-05-22,16.7,99.239,7812.0,15740.0,6.7963,5.0367,95.705,0.7127,,105.0506,5.0367,95.705,0.7127
2026-05-25,16.59,99.239,7584.0,15760.0,6.7832,5.0174,95.2388,0.7173,,105.3872,5.0174,95.2388,0.7173
2026-05-26,17.01,99.169,7570.0,15865.0,6.7861,5.0336,95.685,0.7169,,106.044,5.0336,95.685,0.7169
2026-05-27,16.29,99.206,7618.0,15930.0,6.7792,5.059,95.6962,0.7141,,106.5868,5.059,95.6962,0.7141
2026-05-28,15.74,99.02,7756.0,15885.0,6.7757,5.0402,,0.7163,,106.3406,5.0402,,0.7163
2026-05-29,15.32,98.942,7684.0,15935.0,6.7663,5.0358,95.0038,0.7185,,106.8236,5.0358,95.0038,0.7185
2026-06-01,16.05,99.201,7722.0,16055.0,6.767,5.0268,95.0,0.7159,,107.6169,5.0268,95.0,0.7159
2026-06-02,15.77,99.219,7724.0,16115.0,6.7638,5.0051,95.27,0.718,,108.0702,5.0051,95.27,0.718
2026-06-03,16.06,99.529,7790.0,16190.0,6.7785,5.0645,95.71,0.7129,,108.3377,5.0645,95.71,0.7129
2026-06-04,15.4,99.413,7766.0,16050.0,6.7746,,95.7925,0.7134,,107.4627,,95.7925,0.7134
2026-06-05,21.51,100.069,7766.0,15795.0,6.7883,5.1685,94.9437,0.7048,,105.5419,5.1685,94.9437,0.7048
2026-06-08,18.71,99.967,7766.0,15610.0,6.7838,5.1846,95.7113,0.7048,,104.3749,5.1846,95.7113,0.7048
2026-06-09,18.06,99.73,7728.0,15595.0,6.77,5.16,95.36,0.71,2916.0,104.4872,5.16,95.36,1.4085
2026-06-10,20.27,99.79,7714.0,15455.0,6.78,5.16,95.27,0.7,2818.0,103.3964,5.16,95.27,1.4286
2026-06-11,21.31,100.12,7260.0,15520.0,6.78,5.16,95.76,0.7,2771.0,103.8313,5.16,95.76,1.4286
2026-06-12,19.26,99.74,7782.0,15550.0,6.76,5.08,95.12,0.7,2729.0,104.3398,5.08,95.12,1.4286
2026-06-15,16.28,99.47,7448.0,15535.0,6.76,5.03,94.72,0.71,2729.0,104.2391,5.03,94.72,1.4085
2026-06-16,16.08,99.65,7340.0,15740.0,6.76,5.07,94.56,0.71,2720.0,105.6147,5.07,94.56,1.4085
2026-06-17,16.06,99.63,7362.0,15820.0,6.76,5.07,94.53,0.71,2670.0,106.1515,5.07,94.53,1.4085
2026-06-18,16.98,100.65,7360.0,15805.0,6.77,5.15,94.33,0.7,2653.0,105.8942,5.15,94.33,1.4286
2026-06-19,16.84,100.8,7360.0,15805.0,6.77,5.15,94.33,0.7,2659.0,105.8942,5.15,94.33,1.4286
2026-06-22,16.8,100.99,7322.0,15845.0,6.78,5.15,94.68,0.7,2722.0,3.62,106.0056,5.15,94.68,1.4286
2026-06-23,20.21,101.28,7300.0,15640.0,6.79,5.18,94.74,0.69,2684.0,3.61,104.48,5.18,94.74,1.4493
2026-06-24,19.21,101.69,7052.0,15530.0,6.81,5.2,94.66,0.69,2667.0,3.62,103.4405,5.2,94.66,1.4493
2026-06-25,17.87,101.49,7014.0,15425.0,6.8,5.19,94.4,0.69,2634.0,3.62,102.8922,5.19,94.4,1.4493
2026-06-26,20.24,101.11,6950.0,15445.0,6.8,5.17,94.4,0.69,2591.0,3.64,103.0256,5.17,94.4,1.4493
2026-06-29,18.27,101.23,7078.0,15830.0,6.8,5.17,94.54,0.69,2524.0,3.62,105.5938,5.17,94.54,1.4493
2026-06-30,17.69,101.3,7014.0,15820.0,6.79,5.18,94.67,0.69,2490.0,3.62,105.6825,5.18,94.67,1.4493
2026-07-01,16.79,101.41,6962.0,15960.0,6.79,5.2,95.25,0.69,2501.0,3.68,106.6177,5.2,95.25,1.4493
2026-07-02,16.14,100.81,6862.0,15965.0,6.79,5.2,95.39,0.69,2562.0,3.66,106.6511,5.2,95.39,1.4493
2026-07-03,15.89,100.83,6942.0,16030.0,6.78,5.19,95.22,0.69,2650.0,3.66,107.2433,5.19,95.22,1.4493
2026-07-06,16.49,101.05,6942.0,16045.0,6.8,5.17,95.4,0.69,2717.0,3.64,107.0279,5.17,95.4,1.4493
2026-07-07,15.89,100.91,6942.0,16125.0,6.79,5.14,94.97,0.69,2797.0,3.63,107.72,5.14,94.97,1.4493
2026-07-08,17.43,101.15,7056.0,15950.0,6.8,5.15,95.56,0.69,2875.0,3.62,106.3942,5.15,95.56,1.4493
2026-07-09,16.71,100.92,7104.0,15715.0,6.8,5.15,95.39,0.69,2871.0,3.58,104.8267,5.15,95.39,1.4493
2026-07-10,15.73,100.92,7066.0,15730.0,6.78,5.12,95.33,0.69,2910.0,3.53,105.2362,5.12,95.33,1.4493
2026-07-13,16.39,100.95,7132.0,15930.0,6.78,5.12,95.62,0.69,2944.0,3.55,106.5743,5.12,95.62,1.4493
2026-07-14,16.72,100.69,7392.0,16040.0,6.77,5.07,96.2,0.7,2960.0,3.6,107.4687,5.07,96.2,1.4286
2026-07-15,16.17,100.88,7348.0,16125.0,6.77,5.07,96.26,0.7,2980.0,3.63,108.0382,5.07,96.26,1.4286
2026-07-16,16.17,100.58,7318.0,15965.0,6.77,5.1,96.35,0.7,2929.0,3.64,106.9662,5.1,96.35,1.4286
2026-07-17,19.16,100.84,7354.0,15790.0,6.78,5.13,96.28,0.7,2840.0,3.62,105.6376,5.13,96.28,1.4286
2026-07-20,17.73,100.89,7308.0,15955.0,6.77,5.08,96.45,0.7,2752.0,3.59,106.8992,5.08,96.45,1.4286
2026-07-21,17.75,101.08,7414.0,15970.0,6.77,5.08,96.24,0.7,2671.0,3.57,106.9997,5.08,96.24,1.4286
2026-07-22,17.29,101.06,7450.0,15955.0,6.77,5.07,96.57,0.7,2670.0,3.61,106.8992,5.07,96.57,1.4286
2026-07-23,19.45,101.4,7600.0,16005.0,6.78,5.08,96.57,0.7,2715.0,3.62,107.076,5.08,96.57,1.4286
2026-07-24,18.85,101.48,7476.0,15950.0,6.77,5.08,96.57,0.7,2725.0,3.64,106.8657,5.08,96.57,1.4286
2026-07-27,17.76,101.4,7232.0,15910.0,6.77,5.09,95.9,0.7,2743.0,3.64,106.5977,5.09,95.9,1.4286
2026-07-28,18.61,101.52,7232.0,15840.0,6.77,5.12,95.86,0.7,2696.0,3.64,106.1287,5.12,95.86,1.4286
2026-07-29,18.74,101.41,7392.0,15800.0,6.77,5.12,95.65,0.69,2664.0,3.65,105.8607,5.12,95.65,1.4493
2026-07-30,18.82,100.65,7410.0,15720.0,6.76,5.09,95.68,0.7,2632.0,3.65,105.4805,5.09,95.68,1.4286
2026-07-31,16.95,100.19,7492.0,15800.0,6.75,5.06,95.39,0.7,2673.0,3.65,106.1743,5.06,95.39,1.4286
2026-08-03,16.02,99.75,7394.0,15695.0,6.75,5.06,95.34,0.7,2732.0,3.66,105.4688,5.06,95.34,1.4286
2026-08-04,15.56,99.93,7330.0,15810.0,6.75,5.09,95.39,0.7,2843.0,3.65,106.2415,5.09,95.39,1.4286
2026-08-05,16.96,99.7,7354.0,16110.0,6.75,5.11,95.13,0.7,2936.0,3.66,108.2575,5.11,95.13,1.4286
2026-08-06,15.96,99.79,7354.0,16165.0,6.75,5.1,95.22,0.7,3063.0,3.64,108.6271,5.1,95.22,1.4286
2026-08-07,15.29,99.5,7472.0,16220.0,6.75,5.09,95.21,0.71,3057.0,3.65,108.9967,5.09,95.21,1.4085
2026-08-10,15.44,99.74,7536.0,16245.0,6.74,5.09,95.3,0.71,3089.0,3.62,109.3267,5.09,95.3,1.4085
2026-08-11,15.53,99.82,7550.0,16220.0,6.74,5.11,95.44,0.71,3083.0,3.63,109.1584,5.11,95.44,1.4085
2026-08-12,14.95,99.67,7526.0,16250.0,6.74,5.16,95.33,0.71,3046.0,3.64,109.3603,5.16,95.33,1.4085
2026-08-13,14.43,99.89,7320.0,16090.0,6.74,5.18,95.44,0.71,2939.0,3.62,108.2835,5.18,95.44,1.4085
2026-08-14,14.47,99.61,7492.0,16285.0,6.74,5.22,95.44,0.71,2844.0,3.62,109.5959,5.22,95.44,1.4085
2026-08-17,15.03,99.42,7586.0,16150.0,6.74,5.21,95.61,0.71,2863.0,3.62,108.6873,5.21,95.61,1.4085
2026-08-18,15.84,99.66,7662.0,16250.0,6.74,5.21,95.68,0.71,2878.0,3.66,109.3603,5.21,95.68,1.4085
2026-08-19,15.16,98.96,7626.0,16430.0,6.73,5.16,95.76,0.71,2815.0,3.65,110.736,5.16,95.76,1.4085
